,agree_to_mentions,assent_mentions,authorize_to_mentions,blood_mentions,consent_for_mentions,consent_mentions,consent_to_mentions,data_mentions,deny_mentions,filename,must_mentions,obligation_mentions,obligation_of_mentions,obligation_to_mentions,obligation_under_mentions,obligations_mentions,obligations_to_mentions,period_count,permission_for_mentions,permission_from_mentions,permission_is_required_mentions,permission_mentions,permission_must_mentions,permission_should_mentions,permission_to_mentions,permissions_mentions,permit_to_mentions,require_mentions,required_to_mentions,research_consent,restrict_mentions,restricted_to_mentions,should_mentions,specimen_mentions,specimens_mentions,tissue_mentions,understand_mentions,voluntarily_agree_to_mentions,word_count
0,1,0,0,0,8,9,0,3,0,TAMU - HRPP Informed consent.txt,2,0,0,0,0,0,0,128,6,0,0,7,0,0,1,0,0,6,0,1,0,0,6,0,0,0,1,0,2361
1,7,8,0,17,4,10,1,23,0,consent_biorepository_12-19-14.txt,5,0,0,0,0,0,0,204,1,0,0,5,0,0,2,0,0,6,3,1,0,0,1,5,4,9,4,0,3586
2,0,6,0,0,0,0,0,0,0,Biomed_child_assent_UCSD.txt,0,0,0,0,0,0,0,21,0,0,0,0,0,0,0,0,0,0,0,1,0,0,1,0,0,0,1,0,353
3,6,0,0,5,0,7,2,3,0,HMH - Biobanking-Genetic Research.txt,5,0,0,0,0,0,0,111,0,0,0,0,0,0,0,0,0,2,0,1,0,0,2,1,0,40,10,0,1867
4,2,0,0,0,0,0,0,0,0,HRP-507 Assent Ages 13-17.txt,0,0,0,0,0,0,0,34,0,0,0,0,0,0,0,0,0,1,0,1,0,0,2,0,0,0,0,0,381
5,0,0,0,0,1,1,0,0,0,Attestation_Form-6_14.txt,1,0,0,0,0,0,0,8,0,0,0,0,0,0,0,0,0,0,0,1,0,0,1,0,0,0,1,0,174
6,1,0,0,1,4,20,0,1,0,Consent and Authorization Document for Minimal Risk Research Template2 (1).txt,6,0,0,0,0,0,0,152,0,0,0,0,0,0,0,0,0,8,1,1,0,0,17,0,0,0,7,0,2826
7,2,0,0,2,11,19,2,4,0,Emory_BioMed_ICFHIPAA_Template.txt,5,0,0,0,0,0,0,367,0,0,0,3,0,0,2,0,0,15,4,1,0,0,24,0,0,2,1,0,6554
8,0,0,0,0,6,7,0,3,0,ParentLAR.txt,1,0,0,0,0,0,0,28,0,0,0,0,0,0,0,0,0,1,0,1,0,0,2,0,0,0,1,0,766
9,1,0,0,0,0,1,0,0,0,Eng-Short-Form.txt,4,0,0,0,0,0,0,21,0,0,0,0,0,0,0,0,0,1,0,1,0,0,1,0,0,0,1,0,543
10,4,0,0,1,7,10,1,3,0,2007-5832_Biopsy_Consent_12-10-08.txt,0,0,0,0,0,0,0,149,0,0,0,1,0,0,0,0,0,2,0,1,0,0,9,5,4,2,2,0,3435
11,2,0,0,0,0,0,0,0,0,ICS Short Form ENG.txt,3,0,0,0,0,0,0,8,0,0,0,0,0,0,0,0,0,0,0,1,0,0,0,0,0,0,0,1,237
12,2,0,0,0,0,0,0,0,0,223 - short-form-consent.txt,4,0,0,0,0,0,0,18,0,0,0,0,0,0,0,0,0,0,0,1,0,0,0,0,0,0,1,1,580
13,1,0,0,0,2,2,0,0,0,Blank_eIRB_ConsentFormTemplate_(Adults)9-11-2013.txt,0,0,0,0,0,0,0,5,0,0,0,0,0,0,0,0,0,0,0,1,0,0,0,0,0,0,1,0,210
14,0,3,0,0,0,0,0,0,0,TAMU - Minor Assent Form.txt,0,0,0,0,0,0,0,11,0,0,0,0,0,0,0,0,0,0,0,1,0,0,1,0,0,0,0,0,204
15,1,0,0,17,10,18,2,8,0,Consent-and-Authorization-Forms-Clinical-8-12-2014.txt,24,0,0,0,0,0,0,446,0,0,0,7,0,0,0,0,0,17,1,1,1,0,10,6,6,10,2,0,7729
16,0,0,0,4,0,3,0,21,0,optional-procedure-language-for-data-specimen-banking.txt,0,0,0,0,0,0,0,35,2,0,0,4,0,0,0,2,0,0,0,1,0,0,2,2,2,5,0,0,820
17,0,3,0,4,0,1,0,3,0,CF-Template_Biomed_PermissionParent.txt,1,0,0,0,0,0,0,168,1,0,0,3,0,0,0,0,0,5,2,1,0,0,6,0,0,0,2,0,2434
18,0,0,0,5,2,4,0,2,0,Repository1.txt,0,0,0,0,0,0,0,40,0,0,0,0,0,0,0,0,0,0,0,1,0,0,3,0,0,4,0,0,746
19,2,0,0,2,4,4,0,4,0,Adult_ICF_Non-CE.txt,4,0,0,0,0,0,0,128,0,0,0,1,0,0,0,0,0,8,1,1,1,0,9,2,1,0,4,0,1886
20,0,0,0,11,1,3,2,2,0,icmodel.txt,3,0,0,0,0,0,0,62,0,0,0,0,0,0,0,0,0,0,0,1,0,0,2,1,0,1,3,0,1333
21,6,0,0,3,32,46,2,20,0,hipaaconsentform.txt,7,0,0,0,0,0,0,595,2,0,0,7,0,0,3,0,0,19,3,1,0,0,19,20,20,6,12,0,11393
22,0,0,0,1,9,17,2,3,0,MRI_TEM-C4 (1).txt,7,0,0,0,0,0,0,142,2,0,0,3,0,0,0,0,0,4,1,1,0,0,13,0,0,0,1,0,3132
23,0,0,0,1,0,2,0,0,0,Vitalis_natropath consent to treat.txt,1,0,0,0,0,0,0,28,0,0,0,0,0,0,0,0,0,2,0,1,0,0,0,0,0,2,4,0,1214
24,1,0,0,3,2,3,0,0,0,SUSampCons-dc.txt,1,0,0,0,0,0,0,44,0,0,0,1,0,0,0,0,0,3,0,1,0,0,2,0,0,0,1,0,1061
25,1,9,0,0,1,19,0,5,0,Parental-Permission-Form-6-12-2017 (1).txt,17,0,0,0,0,0,0,150,1,0,0,5,0,0,0,0,0,9,0,1,0,0,18,0,0,0,5,0,3459
26,2,0,0,3,6,11,2,6,0,Cleveland Akron General - Informed Consent Template Document.txt,1,0,0,0,0,0,0,171,1,0,0,5,0,0,3,0,0,5,1,1,0,0,2,14,14,23,6,0,3946
27,0,0,0,0,0,11,0,0,0,CONSENT- SHORT FORM.txt,0,0,0,0,0,0,0,34,0,0,0,0,0,0,0,0,0,3,0,1,0,0,1,0,0,0,2,0,823
28,0,0,0,0,0,0,0,0,0,Assent-7-11.txt,0,0,0,0,0,0,0,16,0,0,0,0,0,0,0,0,0,0,0,1,0,0,0,0,0,0,1,0,418
29,0,0,0,3,4,13,0,0,0,Informed consent for sample storage.txt,4,2,0,0,0,2,0,52,1,0,0,4,0,0,1,0,0,1,0,1,1,0,4,0,0,3,2,0,1025
30,3,0,0,1,3,5,0,2,0,Emergency Use Parental Permission and Authorization Document Template.txt,4,0,0,0,0,0,0,133,1,0,0,2,0,0,0,0,0,5,1,1,0,0,17,0,0,0,4,0,2513
31,2,0,0,2,4,4,0,4,0,Parent_Guardian_Permission_Form_Non-CE.txt,4,0,0,0,0,0,0,130,0,0,0,1,0,0,0,0,0,8,1,1,1,0,9,2,1,0,4,0,1965
32,1,0,0,0,3,4,1,3,0,cirb_adult_cf_template.txt,2,0,0,0,0,0,0,139,0,0,0,2,0,0,1,0,0,4,0,1,0,0,5,3,3,0,4,0,3418
33,3,0,0,0,4,9,0,2,0,t502a_icf_consent_form_v2016-07_0.txt,2,0,0,0,0,0,0,69,0,0,0,1,0,0,1,0,0,1,0,1,0,0,2,3,3,0,0,1,1360
34,2,0,0,0,0,0,0,6,0,HSBS_Template_ConsentClinical.txt,0,0,0,0,0,0,0,29,0,0,0,1,0,0,1,0,0,1,0,1,0,0,1,4,4,0,1,0,739
35,2,0,0,0,4,8,0,1,0,Biomed_consent_UCSD_new.txt,7,0,0,0,0,0,0,104,0,0,0,0,0,0,0,0,0,12,2,1,0,0,6,0,0,0,0,0,2231
36,2,0,0,4,12,15,0,0,0,OSU-WIRBConsentTemplate_09302014.txt,7,0,0,0,0,0,0,264,0,0,0,9,0,0,2,0,0,4,0,1,0,0,2,0,0,0,3,1,3020
37,2,0,0,0,0,0,0,0,0,MinorAssentForm030708.txt,0,0,0,0,0,0,0,22,0,0,0,0,0,0,0,0,0,0,0,1,0,0,0,0,0,0,4,0,390
38,0,0,0,0,0,0,0,1,0,TAMU - Waiver of PHI Authorization Form.txt,0,0,0,0,0,0,0,19,0,0,0,0,0,0,0,0,0,7,0,1,0,0,0,0,0,0,0,0,560
39,0,0,0,0,0,0,0,0,0,Childrens National 7-11 Affidavit_English.txt,0,0,0,0,0,0,0,5,0,0,0,0,0,0,0,0,0,0,0,1,0,0,0,0,0,0,0,0,78
40,2,0,0,0,1,1,0,0,0,Short_Form_Consent-English_from_website_rev10-21-2013.txt,0,0,0,0,0,0,0,14,0,0,0,0,0,0,0,0,0,0,0,1,0,0,0,0,0,0,1,1,702
41,1,0,0,0,8,9,0,7,0,Madison VA Hospital_TemplateVAConsentFormrevisions2013-August.txt,0,0,0,0,0,0,0,60,0,0,0,2,0,0,1,0,0,10,3,1,0,0,0,0,0,0,0,1,1358
42,3,0,0,1,5,20,0,1,0,HUD Consent and Authorization Document Template3.txt,1,2,0,1,0,0,0,151,0,0,0,0,0,0,0,0,0,7,1,1,0,0,16,0,0,0,6,0,2839
43,1,0,0,0,0,0,0,0,0,Cleveland Clinic - General Informed Consent.txt,1,0,0,0,0,0,0,31,0,0,0,0,0,0,0,0,0,0,0,1,0,0,0,0,0,0,2,0,633
44,0,0,0,0,9,13,0,5,0,PhysicalrisktemplateplusHIPAA_zeroinstructions5-31-17.txt,1,0,0,0,0,0,0,206,0,0,0,2,0,0,0,0,0,7,0,1,0,0,6,2,2,0,1,0,4122
45,2,2,0,0,0,0,0,2,0,CF-Template_SocBehav_School_Assent1317YrOld.txt,1,0,0,0,0,0,0,92,0,0,0,3,0,0,0,0,0,1,0,1,0,0,3,0,0,0,1,0,1456
46,2,0,0,2,11,19,2,4,0,CHOA_ICFHIPAA_Template.txt,5,0,0,0,0,0,0,369,0,0,0,3,0,0,2,0,0,15,4,1,0,0,24,0,0,2,1,0,6699
47,1,0,0,11,3,5,0,1,0,blood-draw-consent.txt,1,0,0,0,0,0,0,71,0,0,0,0,0,0,0,0,0,3,0,1,1,0,0,0,0,0,0,0,915
48,5,0,0,4,5,9,0,3,0,t503a_final_ua-bh_icf_hipaa_v2016-10.txt,4,0,0,0,0,0,0,162,0,0,0,1,0,0,1,0,0,7,1,1,0,0,3,7,6,9,0,1,3176
49,1,0,0,1,6,27,0,2,0,ConsentandAuthorizationDocument-Template.txt,16,2,0,1,0,0,0,275,0,0,0,0,0,0,0,0,0,6,1,1,0,0,26,0,0,0,7,0,4818
50,1,0,0,0,2,3,1,0,0,Northwestern-PGx-Physician-Consent-Revised-011113.txt,0,0,0,0,0,0,0,39,0,0,0,0,0,0,0,0,0,2,1,1,0,0,0,0,0,0,1,0,1225
51,0,0,0,4,11,25,5,3,0,Med_survey_consent.txt,6,0,0,0,0,0,0,148,2,0,0,3,0,0,0,0,0,4,1,1,0,0,11,1,1,8,2,0,3406
52,2,3,0,2,2,3,0,0,0,207 - sample-assent-form (1).txt,0,0,0,0,0,0,0,70,0,0,0,0,0,0,0,0,0,0,0,1,0,0,2,0,0,0,1,0,761
53,2,0,0,6,6,10,3,7,0,institute-biorepository-consent-form (1).txt,1,0,0,0,0,0,0,118,0,0,0,3,0,0,1,0,0,0,0,1,0,0,3,0,0,16,5,0,2986
54,0,0,0,0,1,4,1,8,0,Authorization1.txt,1,0,0,0,0,0,0,30,0,0,0,0,0,0,0,0,0,0,0,1,0,0,0,0,0,0,0,0,542
55,3,1,0,22,2,11,0,15,0,Informed Consent Document_Biomedical Template.txt,5,0,0,0,0,0,0,450,7,0,0,14,0,0,6,0,0,12,2,1,0,0,22,0,0,15,4,0,6935
56,1,0,0,0,5,12,0,0,0,emergency-use-consent-form-1407778027.txt,1,0,0,0,0,0,0,39,0,0,0,2,0,0,1,0,0,3,0,1,0,0,0,0,0,0,0,0,1014
57,3,0,0,3,7,8,0,3,0,DBRepositoryConsentForm_rev10-21-2013.txt,1,0,0,0,0,0,0,66,1,0,0,2,0,0,1,0,0,0,0,1,0,0,0,2,2,0,4,0,1272
58,0,0,0,4,2,4,1,0,0,Viginia Department of Health_FluVac16.txt,1,1,0,1,0,0,0,61,0,0,0,1,0,0,1,0,0,6,0,1,0,0,2,0,0,0,6,0,1207
59,1,2,0,0,2,12,1,0,0,Informed_Consent_Document_Template.txt,2,0,0,0,0,0,0,48,0,0,0,2,0,0,0,0,0,0,0,1,0,0,2,0,0,0,2,0,1041
60,1,0,0,0,2,5,1,2,0,PrincetonU-Adult Consent Form.txt,0,0,0,0,0,0,0,36,0,0,0,1,0,0,0,0,0,0,0,1,0,0,0,0,0,0,2,0,635
61,1,0,0,0,6,6,0,1,0,TAMU - Parental Permission Form.txt,1,0,0,0,0,0,0,91,4,0,0,5,0,0,1,0,0,4,0,1,0,0,4,0,0,0,1,0,1803
62,2,0,0,0,4,7,2,1,0,CF-Sample_MediaRecordsReleaseForm.txt,0,0,0,0,0,0,0,28,0,0,0,0,0,0,0,0,0,0,0,1,1,0,2,0,0,0,0,0,1049
63,3,0,0,3,3,15,2,1,0,consent-form-no-hipaa-1400536163.txt,1,0,0,0,0,0,0,182,0,0,0,2,0,0,1,0,0,16,4,1,0,0,22,0,0,2,6,0,3714
64,0,0,0,2,0,2,1,0,0,ic_adult.txt,0,0,0,0,0,0,0,29,0,0,0,0,0,0,0,0,0,0,0,1,0,0,3,6,2,2,4,0,739
65,4,0,0,6,14,36,9,5,0,SUSampCons_somatic_cell_HIPAA_110410.txt,9,0,0,0,0,0,0,320,2,0,0,5,0,0,3,0,0,13,2,1,6,0,19,0,0,40,5,0,6688
66,6,0,0,0,1,7,0,7,0,GU-Merck_treatment_consent_template_2013.txt,7,0,0,0,0,0,0,203,0,0,0,1,0,0,0,0,0,10,1,1,0,0,8,0,0,0,1,1,3779
67,2,0,0,2,4,4,0,4,0,Parent_Guardian_Permission_Form_CE.txt,6,0,0,0,0,0,0,148,0,0,0,3,0,0,1,0,0,11,1,1,1,0,9,2,1,0,4,0,2730
68,1,0,0,14,1,1,0,7,0,PMBB Informed Consent (1).txt,2,0,0,0,0,0,0,113,0,0,0,2,0,0,1,0,0,0,0,1,1,1,3,0,0,1,2,0,2036
69,1,0,0,18,3,3,0,27,0,blood-draw-consent-template.txt,0,0,0,0,0,0,0,74,1,1,0,7,0,0,2,0,0,2,0,1,0,0,6,0,0,3,0,0,1604
70,26,0,0,225,6,12,0,6,0,NANT_2009-03_Sample_Consent_Assent.txt,2,0,0,0,0,0,0,749,2,0,0,2,0,0,0,0,0,14,1,1,0,0,14,0,0,20,2,0,19024
71,3,0,0,1,5,10,1,6,0,eMERGE-Consent-V7-12-17-2014-CLEAN-6.txt,1,0,0,0,0,0,0,133,4,0,0,9,0,0,2,0,0,3,0,1,0,0,2,0,0,0,6,0,3021
72,2,0,0,0,0,0,0,0,0,English Short Form Template.txt,3,0,0,0,0,0,0,20,0,0,0,0,0,0,0,0,0,0,0,1,0,0,0,0,0,0,1,1,513
73,7,0,0,27,5,11,0,18,0,eMERGE_GH_PGxConsentForm.txt,5,0,0,0,0,0,0,220,2,0,0,5,0,0,1,0,0,5,0,1,0,0,1,0,0,0,1,0,3695
74,4,0,0,4,5,26,3,4,0,consent-hipaa-authorization-form-1407777962.txt,6,0,0,0,0,0,0,220,0,0,0,5,0,0,3,0,0,16,3,1,0,0,22,1,1,3,6,0,4832
75,1,2,0,12,1,3,0,0,0,Assent-for-Participants-Aged-7-13.txt,5,0,0,0,0,0,0,35,0,0,0,0,0,0,0,0,0,0,0,1,0,0,3,0,0,0,0,0,460
76,0,0,0,11,10,35,3,35,0,D58-Issues-to-Address_Informed-Consent-for-Tissue-Specimen.txt,4,0,0,0,0,0,0,441,2,0,0,10,1,0,4,0,0,9,1,1,4,0,7,18,13,21,0,0,7100
77,1,0,0,1,4,17,0,4,0,ConsentandReleaseofInformationAuthorizationDocumentTemplate-PregnancyFollowUp.txt,3,0,0,0,0,0,0,129,1,0,0,1,0,0,0,0,0,7,2,1,0,0,9,0,0,0,5,0,2396
78,3,0,0,6,5,31,3,13,0,HRP-502a - TEMPLATE CONSENT DOCUMENT.txt,9,0,0,0,0,0,0,256,2,0,0,10,0,0,5,0,0,16,3,1,0,0,23,2,1,7,1,0,6572
79,3,0,0,1,3,11,2,11,0,informed-consent-embryo-gamete.txt,3,0,0,0,0,0,0,193,0,0,0,0,0,0,0,0,0,4,0,1,5,0,2,11,5,3,4,0,3404
80,2,0,0,0,0,0,0,0,0,EnglishSAMPLE.txt,3,0,0,0,0,0,0,8,0,0,0,0,0,0,0,0,0,0,0,1,0,0,0,0,0,0,0,1,269
81,1,0,0,3,0,1,1,1,0,William and Mary_Informed Consent to Receive Vaccines.txt,3,0,0,0,0,0,0,42,0,0,0,0,0,0,0,0,0,3,2,1,0,0,0,0,0,0,5,0,811
82,2,0,0,0,1,4,0,4,0,verbal-consent-1407778162.txt,0,0,0,0,0,0,0,60,0,0,0,0,0,0,0,0,0,0,0,1,0,0,4,0,0,0,2,0,1038
83,5,10,0,23,18,40,0,6,0,206 - sample-consent-form.txt,15,0,0,0,0,0,0,359,1,0,0,3,0,0,0,0,0,10,2,1,0,0,15,17,16,2,2,0,6266
84,0,0,0,0,0,0,0,0,0,Virginia Institute of Marine Science_Parental Gaurdian Consent for Emergency Medical Treatment of a Minor.txt,1,0,0,0,0,0,0,5,0,0,0,1,0,0,1,0,0,1,0,1,0,0,0,0,0,0,0,0,126
85,1,0,0,12,8,9,0,16,0,Marshfield-PGx-IRB-Approved-CF-10-11-2012.txt,1,0,0,0,0,0,0,163,0,0,0,0,0,0,0,0,0,6,3,1,0,0,1,0,0,0,7,0,3217
86,0,0,0,2,0,2,1,0,0,ic_parent.txt,0,0,0,0,0,0,0,29,0,0,0,0,0,0,0,0,0,0,0,1,0,0,3,6,2,2,4,0,741
87,1,2,0,26,7,13,1,8,0,Cranio_Consent_2.txt,0,1,0,0,0,1,0,216,0,0,0,4,0,0,2,0,0,2,0,1,1,0,12,4,3,5,4,0,5274
88,1,0,0,0,0,0,0,0,0,HIPAA.txt,2,0,0,0,0,0,0,28,0,0,0,2,0,0,1,0,0,1,0,1,0,0,0,0,0,0,1,0,693
89,2,18,0,4,2,11,0,0,0,InformedAssent.txt,5,0,0,0,0,0,0,192,0,0,0,0,0,0,0,0,0,1,0,1,0,0,13,0,0,0,23,0,3793
90,1,0,0,6,2,3,0,3,0,Beskow_Simplified-consent-English.txt,1,0,0,0,0,0,0,100,0,0,0,0,0,0,0,0,0,1,0,1,0,0,2,0,0,1,0,0,1255
91,1,1,0,4,4,11,0,8,0,combined-consent-form-and-compound-hipaa-biomedical.txt,4,1,0,0,0,0,0,147,2,1,0,10,0,0,4,0,0,9,0,1,0,0,11,4,4,5,5,0,3131
92,0,1,0,0,0,0,0,0,0,AssentChild05.txt,0,0,0,0,0,0,0,5,0,0,0,0,0,0,0,0,0,0,0,1,0,0,0,0,0,0,0,0,270
93,3,1,0,6,5,25,2,13,0,HRP-502b - TEMPLATE CONSENT DOCUMENT.INCAPACITATEDADULT.txt,9,0,0,0,0,0,0,360,6,0,0,19,0,0,4,0,0,16,3,1,0,0,20,2,1,6,1,0,6780
94,2,0,0,21,2,4,0,3,0,CI_20OSAS_20consent_208.7.13_20clean.txt,1,0,0,0,0,0,0,261,2,0,0,2,0,0,0,0,0,2,0,1,0,0,9,1,0,1,9,0,5007
95,0,0,0,1,1,2,0,5,0,VAAuthorizationDocumentTEmplate.txt,2,0,0,0,0,0,0,56,1,0,0,1,0,0,0,0,0,0,0,1,0,0,6,0,0,0,2,0,1558
96,1,0,0,16,16,26,2,37,0,informed-consent-biomedical.txt,8,1,0,1,0,0,0,565,0,1,0,4,0,0,0,0,0,22,0,1,0,0,28,22,20,15,3,0,9706
97,2,0,0,18,2,11,1,5,0,MCRC consent pts-8May15-STAMPED.txt,1,0,0,0,0,0,0,181,0,0,0,3,0,0,0,0,0,3,1,1,0,0,7,0,0,9,1,0,3557
98,5,0,0,4,9,14,0,43,0,Informed Consent_Template_Biobank_08-24-2016_DRAFT.txt,2,0,0,0,0,0,0,203,1,0,0,4,0,0,2,0,0,3,0,1,1,0,8,29,26,2,5,0,4200
99,0,0,0,0,1,2,0,0,0,Assent-Form-Template-March-20132.txt,0,0,0,0,0,0,0,39,0,1,0,1,0,0,0,0,0,1,0,1,0,0,4,0,0,0,1,0,891
100,0,0,0,12,3,9,4,1,0,SUSampCons-bd.txt,1,0,0,0,0,0,0,62,0,0,0,0,0,0,0,0,0,3,1,1,0,0,3,0,0,1,1,0,1623
101,0,0,0,0,5,9,0,2,0,InformedConsent-biospecimens.txt,1,0,0,0,0,0,0,28,0,0,0,0,0,0,0,0,0,2,0,1,0,0,7,24,20,0,0,0,640
102,2,0,0,0,7,15,1,0,0,IC-RA_combined_2014-12-2.txt,0,0,0,0,0,0,0,117,0,0,0,7,0,0,3,0,0,4,0,1,0,0,2,0,0,0,1,0,2480
103,1,0,0,2,2,3,0,0,0,PGx-consent-v6.txt,0,0,0,0,0,0,0,48,0,0,0,1,0,0,1,0,0,0,0,1,0,0,2,0,0,0,1,0,1022
104,3,1,0,6,9,25,1,13,0,Model-Consent-Minimal-Risk.txt,4,0,0,0,0,0,0,173,2,0,0,6,0,0,2,0,0,12,2,1,1,0,3,1,1,21,2,0,2592
105,1,0,0,0,4,6,0,0,0,ConsentTemplate_BC_0930141.txt,1,0,0,0,0,0,0,71,0,0,0,0,0,0,0,0,0,3,0,1,0,0,2,0,0,0,0,1,1211
106,1,0,0,0,2,2,0,24,0,expedited-consent-template.txt,0,0,0,0,0,0,0,94,1,0,0,5,0,0,2,0,0,1,0,1,0,0,6,0,0,3,1,0,1702
107,1,0,0,0,5,10,0,0,0,t502b_-_consent_addendum_effective_2016-07.txt,0,0,0,0,0,0,0,29,0,0,0,0,0,0,0,0,0,0,0,1,0,0,0,0,0,0,0,1,502
108,1,0,0,11,2,2,0,4,0,Mayo-Right-Consent-06072012.txt,1,0,0,0,0,0,0,170,0,0,0,8,0,0,4,0,0,1,0,1,0,0,5,0,0,0,1,0,3775
109,2,0,0,0,0,0,0,0,0,HSBS_Template_ConsentExempt.txt,0,0,0,0,0,0,0,8,0,0,0,0,0,0,0,0,0,0,0,1,0,0,0,0,0,0,0,0,136
110,2,0,0,3,5,16,6,7,0,informed-consent-somatic-cell.txt,3,0,0,0,0,0,0,187,0,0,0,0,0,0,0,0,0,5,0,1,5,0,4,0,0,14,4,0,3602
111,5,0,0,12,4,4,0,2,0,Duke excess sample consent form.txt,1,0,0,0,0,0,0,127,0,0,0,0,0,0,0,0,0,1,1,1,0,0,2,18,10,13,1,0,2344
112,1,0,0,6,2,3,0,3,0,Beskow_Simplified-consent-English (1).txt,1,0,0,0,0,0,0,100,0,0,0,0,0,0,0,0,0,1,0,1,0,0,2,0,0,1,0,0,1255
113,6,1,0,2,23,45,1,11,0,Clinical-Research-Consent-Form.txt,12,0,0,0,0,0,0,466,2,0,0,6,0,0,1,0,0,17,1,1,1,0,8,1,1,19,4,0,6483
114,0,0,0,0,1,7,2,6,0,VA Consent Cover Letter Document Template.txt,2,0,0,0,0,0,0,60,0,0,0,0,0,0,0,0,0,6,3,1,0,0,3,0,0,0,0,0,1252
115,0,0,0,74,0,6,1,0,0,HMH - Procedure Consent.txt,0,0,0,0,0,0,0,936,0,0,0,0,0,0,0,0,0,19,0,1,0,0,1,0,0,10,11,0,6537
116,1,0,0,1,4,18,0,1,0,Parental Permission and Authorization Document for Minimal Risk Research Template2 (1).txt,8,0,0,0,0,0,0,162,1,0,0,2,0,0,0,0,0,9,1,1,0,0,16,0,0,0,6,0,2917
117,4,0,0,8,5,12,0,8,0,Form E.txt,5,0,0,0,0,0,0,224,1,0,0,6,0,0,5,0,0,7,2,1,0,0,8,10,9,38,2,0,5359
118,2,0,0,12,14,20,1,2,0,informed_consent_template.txt,7,0,0,0,0,0,0,260,4,0,0,9,0,0,1,0,0,16,0,1,0,0,17,6,6,14,2,0,4761
119,0,2,0,2,2,2,0,0,0,assent.txt,2,0,0,0,0,0,0,21,0,0,0,0,0,0,0,0,0,0,0,1,0,0,0,1,0,0,0,0,442
120,1,0,0,0,0,1,0,0,0,PrincetonU-Meningitis-B-Consent-Form.txt,0,0,0,0,0,0,0,52,0,0,0,1,0,0,1,0,0,0,0,1,0,0,0,0,0,0,2,0,711
121,1,9,0,0,1,19,0,5,0,Parental-Permission-Form-6-12-2017.txt,17,0,0,0,0,0,0,150,1,0,0,5,0,0,0,0,0,9,0,1,0,0,18,0,0,0,5,0,3459
122,0,4,0,0,0,1,0,0,0,assent-form.txt,1,0,0,0,0,0,0,33,0,0,0,0,0,0,0,0,0,2,0,1,0,0,0,0,0,0,6,0,612
123,2,0,0,2,4,4,0,4,0,Parent_Guardian_Permission_Form_Non-CE (1).txt,4,0,0,0,0,0,0,130,0,0,0,1,0,0,0,0,0,8,1,1,1,0,9,2,1,0,4,0,1965
124,2,0,0,0,8,10,0,2,0,ict_compassionate_emergency_use.txt,1,0,0,0,0,0,0,169,1,0,0,3,0,0,1,0,0,4,0,1,0,0,5,4,4,0,5,0,3476
125,1,1,0,10,4,6,1,19,0,Consent-and-Authorization-Forms-Repository-Only-7-3-2014.txt,9,0,0,0,0,0,0,206,0,0,0,4,0,0,0,0,0,7,1,1,1,0,6,24,21,7,2,0,4027
126,1,0,0,0,5,10,0,0,0,ConsentAddendumTemplate.txt,0,0,0,0,0,0,0,28,0,0,0,0,0,0,0,0,0,1,0,1,0,0,0,0,0,0,0,1,531
127,3,0,0,17,9,15,0,7,0,Family Biorepository Consent Form_STAMPED_9.12.17.txt,3,0,0,0,0,0,0,202,3,0,0,18,0,0,5,0,0,3,0,1,1,0,1,5,4,1,3,0,4281
128,1,0,1,0,3,8,1,10,0,Health-Sciences-Consent3.txt,1,0,0,0,0,0,0,104,0,0,0,0,0,0,0,0,0,3,0,1,0,0,5,2,2,0,0,0,1887
129,1,0,0,0,0,1,1,0,0,Wellness Group_INFLUENZA CONSENT FORM INACTIVE.txt,0,0,0,0,0,0,0,40,0,0,0,0,0,0,0,0,0,0,0,1,0,0,0,0,0,0,1,0,707
130,2,1,0,7,9,29,8,21,2,consent-mr.txt,7,0,0,0,0,0,0,306,0,1,0,4,0,0,2,0,0,11,1,1,0,0,10,28,25,3,5,0,4491
131,3,0,0,14,9,20,4,33,0,Informed Consent - Biomedical Template_December 2016.txt,4,0,0,0,0,0,0,342,0,1,0,4,0,0,0,0,0,19,2,1,0,0,14,21,20,12,2,0,6187
132,2,0,0,23,1,2,1,7,0,TTP_20Informed_20Consent_20Change_20PI_20to_20CSG-clean.txt,1,0,0,0,0,0,0,149,1,0,0,1,0,0,0,0,0,3,0,1,0,0,6,1,0,1,1,0,2944
133,4,0,0,11,8,16,1,3,0,Form D.txt,10,0,0,0,0,0,0,357,1,0,0,5,0,0,4,0,0,15,4,1,0,0,14,0,0,6,3,0,8279
134,2,0,0,0,0,0,0,9,0,CF-Sample_OnlineSurvey.txt,0,0,0,0,0,0,0,50,1,0,0,1,0,0,0,0,0,0,0,1,0,0,1,0,0,0,0,0,712
135,12,0,0,11,12,15,0,19,0,Consent_Template_-_Long_Form_rev10-22-2013.txt,12,0,0,0,0,0,0,268,1,0,0,1,0,0,0,0,0,3,0,1,1,0,6,0,0,3,3,0,5324
136,6,3,0,2,1,40,5,15,0,HRP-502-TEMPLATE-CONSENT-DOCUMENT-101116 (1).txt,1,0,0,0,0,0,0,267,2,0,0,8,0,0,2,0,0,9,1,1,0,0,5,11,9,1,1,0,4100
137,6,1,0,100,2,3,0,6,0,BMT CTN 1502 Patient Informed Consent_v1.0.txt,6,0,0,0,0,0,0,505,1,0,0,1,0,0,0,0,0,10,1,1,0,0,5,0,0,3,11,0,12112
138,0,0,0,0,0,5,3,0,0,Tissue-Banking-Worksheet.txt,5,0,0,0,0,0,0,58,0,0,0,0,0,0,0,0,0,0,0,1,0,0,1,15,10,19,0,0,1169
139,6,0,0,4,1,6,0,7,0,GHUCCTS-consent-2012.11.29 (1).txt,7,0,0,0,0,0,0,215,0,0,0,0,0,0,0,0,0,9,1,1,0,0,6,0,0,8,1,1,4237
140,0,6,0,0,0,0,0,0,0,Supplement-C_9-2016.txt,1,0,0,0,0,0,0,42,1,2,0,8,0,0,0,0,0,1,0,1,0,0,1,0,0,0,2,0,650
141,4,0,0,0,1,2,0,4,0,CF-Sample_Interview_Audiotape.txt,0,0,0,0,0,0,0,54,1,0,0,2,0,0,0,0,0,0,0,1,0,0,1,0,0,0,0,0,929
142,5,1,0,2,16,36,2,14,0,Consent-Minimal-Low-Risk-Studies.txt,8,0,0,0,0,0,0,236,2,0,0,4,0,0,0,0,0,14,1,1,1,0,3,1,1,20,3,0,3546
143,1,0,0,16,16,28,2,37,0,informed-consent-schulman.txt,8,1,0,1,0,0,0,567,0,1,0,4,0,0,0,0,0,22,0,1,0,0,30,22,20,15,3,0,9777
144,2,0,0,9,0,1,0,2,0,Study Information Sheet - Expedited Template (v09.04.2012).txt,0,0,0,0,0,0,0,72,0,0,0,0,0,0,0,0,0,2,0,1,0,0,6,0,0,0,3,0,1400
145,2,0,0,6,6,10,3,7,0,institute-biorepository-consent-form.txt,1,0,0,0,0,0,0,118,0,0,0,3,0,0,1,0,0,0,0,1,0,0,3,0,0,16,5,0,2986
146,11,0,0,15,11,18,1,9,0,2014-1709_HIPAA_Authorization_3A_UCI_provider_03-06-15.txt,4,0,0,0,0,0,0,282,1,0,0,13,0,0,1,0,0,12,3,1,0,0,5,6,5,12,5,0,5786
147,3,0,0,47,25,39,1,7,0,Consent-and-Authorization-Knight-Cancer-Institute-FINAL-5-3-2013.txt,30,0,0,0,0,0,0,617,0,0,0,7,0,0,0,0,0,23,3,1,0,0,26,3,3,23,3,0,11363
148,0,0,0,0,0,2,1,0,0,HMH Sedation Consent.txt,0,0,0,0,0,0,0,46,0,0,0,0,0,0,0,0,0,0,0,1,0,0,0,0,0,0,5,0,555
149,1,0,0,1,0,0,0,0,0,researchassent.txt,0,0,0,0,0,0,0,22,0,0,0,0,0,0,0,0,0,0,0,1,0,0,1,0,0,0,1,0,330
150,0,1,0,0,0,0,0,0,0,assent-template.txt,0,0,0,0,0,0,0,28,0,0,0,0,0,0,0,0,0,0,0,1,0,0,0,0,0,0,2,0,440
151,1,0,0,3,1,2,0,4,0,Form6.txt,4,0,0,0,0,0,0,52,0,0,0,0,0,0,0,0,0,3,1,1,0,0,1,23,18,24,0,0,1413
152,0,0,0,0,0,1,0,12,0,fmri-consent-template.txt,3,0,0,0,0,0,0,74,0,0,0,0,0,0,0,0,0,5,0,1,0,0,2,0,0,0,2,0,1606
153,3,1,0,11,34,72,1,7,0,HSIRB-IC-Template-and-Instructions-3-6-17.txt,31,0,0,0,0,0,0,627,0,0,0,7,0,0,0,0,0,26,5,1,0,0,9,8,7,13,5,0,24091
154,0,0,0,0,0,0,0,1,0,t504a_-_phi_authorization_form_v2016-01.txt,0,0,0,0,0,0,0,44,0,0,0,0,0,0,0,0,0,0,0,1,0,0,2,0,0,0,2,0,776
155,6,0,0,25,4,16,2,2,0,Informed-Consent-Template-for-Genetic-Testing-9-23-16.txt,1,1,0,0,0,1,0,263,1,0,0,1,0,0,0,0,0,7,0,1,0,0,16,12,12,23,9,0,5314
156,0,3,0,0,0,0,0,0,0,AssentTemplate_BC.txt,1,0,0,0,0,0,0,27,2,0,0,2,0,0,0,0,0,0,0,1,0,0,1,0,0,0,1,0,416
157,0,0,0,0,0,0,0,0,0,assent-w.txt,0,0,0,0,0,0,0,28,0,0,0,0,0,0,0,0,0,0,0,1,0,0,0,0,0,0,1,0,771
158,2,0,0,5,1,2,1,11,0,InfConsent.txt,1,0,0,0,0,0,0,51,0,0,0,0,0,0,0,0,0,1,0,1,0,0,3,5,1,0,4,0,1279
159,0,0,0,0,2,2,0,0,0,Blank_eIRB_ConsentFormTemplate_(Minors)9-11-2013.txt,0,0,0,0,0,0,0,7,0,0,0,0,0,0,0,0,0,0,0,1,0,0,0,0,0,0,1,0,310
160,3,0,0,16,3,3,0,2,0,Mayo_Clinic_PAD_consent_document.txt,0,0,0,0,0,0,0,110,1,0,0,2,0,0,1,0,0,0,0,1,0,0,4,0,0,2,2,0,2457
161,2,0,0,2,11,19,2,4,0,Grady_ICFHIPAA_Template.txt,5,0,0,0,0,0,0,369,0,0,0,3,0,0,2,0,0,15,4,1,0,0,24,0,0,2,1,0,6737
162,0,0,0,0,0,10,0,2,0,pregnant_woman_form (1).txt,1,0,0,0,0,0,0,34,0,0,0,0,0,0,0,0,0,0,0,1,0,0,0,0,0,0,0,0,826
163,3,0,0,7,1,10,0,3,0,A_Interventional_consent.txt,6,0,0,0,0,0,0,295,0,0,0,5,0,0,2,0,0,14,0,1,0,0,9,0,0,0,2,1,5417
164,0,0,0,1,7,11,0,4,0,Non-PhysicalInterventiontemplateplusHIPAA_zeroinstructions5-31-17.txt,1,0,0,0,0,0,0,149,0,0,0,2,0,0,0,0,0,3,0,1,0,0,3,2,2,0,1,0,2941
165,3,0,0,1,5,15,0,1,0,HUD Parental Permission and Authorization Document Template3.txt,1,0,0,0,0,0,0,152,0,0,0,0,0,0,0,0,0,7,1,1,0,0,17,0,0,0,5,0,2752
166,5,0,0,29,56,69,0,4,0,NCI_IC_Template (1).txt,6,0,0,0,0,0,0,821,0,0,0,1,0,0,1,0,0,26,1,1,0,0,61,16,0,7,6,0,11792
167,0,0,0,5,2,4,0,1,0,Genetic-Screening.txt,0,0,0,0,0,0,0,47,0,0,0,0,0,0,0,0,0,0,0,1,0,0,3,0,0,4,0,0,895
168,1,0,0,15,5,7,0,3,0,mayo clinic biobank consent.txt,1,0,0,0,0,0,0,188,1,1,0,5,0,0,2,0,0,4,1,1,0,0,2,2,0,6,2,0,3281
169,1,0,0,0,7,24,0,1,0,InformedConsent-qualitativestudies.txt,6,0,0,0,0,0,0,189,0,0,0,0,0,0,0,0,0,1,0,1,0,0,16,0,0,0,18,0,4185
170,1,0,0,8,4,11,2,7,0,CF-Template_Biomed (1).txt,3,0,0,0,0,0,0,234,1,0,0,2,0,0,0,0,0,6,1,1,0,0,16,6,6,3,1,0,3800
171,1,1,0,0,0,0,0,3,0,CF-Template_SocBehav_School_PermissionParent.txt,1,0,0,0,0,0,0,97,1,0,0,5,0,0,0,0,0,2,1,1,0,0,3,0,0,0,2,0,1422
172,0,0,0,1,0,2,1,0,0,ic_cell.txt,0,0,0,0,0,0,0,28,0,0,0,0,0,0,0,0,0,0,0,1,0,0,3,5,1,1,4,0,740
173,0,0,0,11,0,3,0,0,0,Tissue Banking Consent Language 091513.txt,6,0,0,0,0,0,0,80,0,0,0,0,0,0,0,0,0,1,0,1,0,0,5,0,0,26,0,0,1311
174,1,0,0,0,1,3,0,7,0,online-consent-1366310956.txt,0,0,0,0,0,0,0,53,0,0,0,0,0,0,0,0,0,0,0,1,0,0,3,0,0,0,2,0,874
175,2,2,0,1,19,28,0,24,0,fc-consent-template (1).txt,1,0,0,0,0,0,0,262,2,0,0,7,0,0,3,0,0,9,1,1,0,0,26,0,0,3,4,0,4653
176,6,3,0,2,1,40,5,15,0,HRP-502-TEMPLATE-CONSENT-DOCUMENT-101116.txt,1,0,0,0,0,0,0,267,2,0,0,8,0,0,2,0,0,9,1,1,0,0,5,11,9,1,1,0,4100
177,3,0,0,0,2,3,0,0,0,Video_Consent_Form_March_20121.txt,0,0,0,0,0,0,0,18,0,0,0,0,0,0,0,0,0,0,0,1,0,0,0,0,0,0,0,0,424
178,0,0,0,0,0,2,0,0,0,ic-note.txt,0,0,0,0,0,0,0,11,0,0,0,0,0,0,0,0,0,0,0,1,0,0,0,0,0,0,1,0,119
179,6,0,0,3,30,42,0,20,0,parent_consent.txt,7,0,0,0,0,0,0,579,0,0,0,5,0,0,3,0,0,19,3,1,0,0,19,20,20,6,12,0,11329
180,0,0,0,2,0,1,0,0,0,Assent-12-17.txt,2,0,0,0,0,0,0,90,0,0,0,0,0,0,0,0,0,1,0,1,0,0,2,0,0,0,3,0,1633
181,1,0,0,0,8,9,0,3,0,TAMU - HRPP Informed consent (1).txt,2,0,0,0,0,0,0,128,6,0,0,7,0,0,1,0,0,6,0,1,0,0,6,0,0,0,1,0,2361
182,10,0,0,24,10,34,23,18,0,RASCALConsentformbuilderSampleText4412.txt,7,0,0,0,0,0,0,286,2,0,0,5,0,0,2,0,0,3,1,1,0,0,13,18,16,2,4,0,6408
183,1,0,0,0,0,2,0,0,0,ParentalPermissionTemplate_BC.txt,1,0,0,0,0,0,0,63,5,0,0,5,0,0,0,0,0,2,0,1,0,0,2,0,0,0,0,1,1249
184,1,3,0,12,2,6,0,1,0,MDACC - Informed Consent for Research Participation.txt,1,0,0,0,0,0,0,186,0,0,0,2,0,0,2,0,0,3,1,1,1,0,4,0,0,6,5,0,2627
185,3,0,0,4,4,28,3,10,0,HRP-502d - TEMPLATE CONSENT DOCUMENT-StandaloneAdult.txt,5,0,0,0,0,0,0,221,1,0,0,5,0,0,2,0,0,10,1,1,0,0,19,2,1,5,0,0,5109
186,1,0,0,0,4,7,0,0,0,ShortForm10181(3).txt,0,0,0,0,0,0,0,8,0,0,0,0,0,0,0,0,0,0,0,1,0,0,4,0,0,0,1,1,391
187,2,0,0,0,0,0,0,0,0,MinorAssentForm030708 (1).txt,0,0,0,0,0,0,0,22,0,0,0,0,0,0,0,0,0,0,0,1,0,0,0,0,0,0,4,0,390
188,4,2,0,3,6,24,2,10,0,HRP-592-TEMPLATE-Biomedical-Consent-Form.txt,3,0,0,0,0,0,0,315,3,0,0,9,0,0,3,0,0,14,4,1,0,0,9,5,5,1,2,0,5340
189,0,3,0,3,1,1,0,0,0,assent-1.txt,0,0,0,0,0,0,0,41,1,0,0,1,0,0,0,0,0,0,0,1,0,0,2,0,0,0,1,0,659
190,2,3,0,2,2,3,0,0,0,207 - sample-assent-form.txt,0,0,0,0,0,0,0,70,0,0,0,0,0,0,0,0,0,0,0,1,0,0,2,0,0,0,1,0,761
191,0,0,0,0,0,0,0,0,0,209 - hipaa-authorization-phi-research.txt,1,0,0,0,0,0,0,18,0,0,0,0,0,0,0,0,0,2,2,1,0,0,0,0,0,0,0,0,482
192,2,0,0,9,3,6,0,11,0,specimen-consent.txt,2,0,0,0,0,0,0,134,0,0,0,0,0,0,0,0,0,4,0,1,0,0,7,32,28,11,1,0,2292
193,0,0,0,1,1,3,0,20,0,informed-consent-template-language-for-gds.txt,1,0,0,0,0,0,0,52,0,0,0,1,0,0,1,0,0,0,0,1,3,0,2,2,2,0,1,0,995
194,1,0,0,11,5,9,1,19,0,Marshfield-Consent-Form-10.28.13.txt,0,0,0,0,0,0,0,204,0,0,0,0,0,0,0,0,0,9,3,1,0,0,1,0,0,0,0,0,2707
195,1,1,0,10,4,6,1,19,0,Consent-and-Authorization-Forms-Repository-Only-7-3-2014 (1).txt,9,0,0,0,0,0,0,206,0,0,0,4,0,0,0,0,0,7,1,1,1,0,6,24,21,7,2,0,4027
196,1,0,0,0,3,8,0,1,0,Specimen Consent and RA comb - ICF-RA SPECIMEN BIOMED 09-26-13-1.txt,1,0,0,0,0,0,0,77,0,0,0,5,0,0,1,0,0,2,0,1,0,0,0,1,0,1,1,0,1756
197,0,0,0,0,0,10,0,2,0,pregnant_woman_form.txt,1,0,0,0,0,0,0,34,0,0,0,0,0,0,0,0,0,0,0,1,0,0,0,0,0,0,0,0,826
198,2,0,0,0,0,0,0,0,0,HRP-506 Assent Ages 7-12.txt,0,0,0,0,0,0,0,41,0,0,0,0,0,0,0,0,0,1,0,1,0,0,2,0,0,0,0,0,391
199,3,1,0,4,0,0,0,0,0,AssentTx10205.txt,0,0,0,0,0,0,0,68,1,0,0,1,0,0,0,0,0,0,0,1,0,0,1,0,0,0,1,0,1499
200,0,0,0,0,2,3,0,0,0,consent-form-without-hipaa-biomedical.txt,4,0,0,0,0,0,0,89,0,0,0,1,0,0,0,0,0,1,0,1,0,0,3,0,0,0,2,0,1616
201,3,6,0,0,4,5,0,1,0,Biomed_adol_consent_UCSD_new.txt,4,0,0,0,0,0,0,94,0,0,0,4,0,0,0,0,0,9,1,1,0,0,7,0,0,0,0,0,1957
202,0,3,0,4,1,1,0,0,0,assent-2.txt,0,0,0,0,0,0,0,45,1,0,0,1,0,0,0,0,0,0,0,1,0,0,2,0,0,0,1,0,701
203,0,0,0,0,2,5,2,0,0,SUSampCons-ls.txt,1,0,0,0,0,0,0,49,0,0,0,1,0,0,1,0,0,3,0,1,0,0,2,0,0,10,1,0,1127
204,2,0,0,16,1,5,3,7,0,PMBB Informed Consent (2).txt,2,0,0,0,0,0,0,131,2,0,0,6,0,0,3,0,0,0,0,1,1,1,3,0,0,22,3,0,2389
205,0,1,0,14,16,29,0,17,0,biomedical-cancer-consent.txt,10,0,0,0,0,0,0,511,1,0,0,1,0,0,0,0,0,19,3,1,0,0,30,4,4,22,3,0,8136
206,3,0,0,4,0,0,0,0,0,assent-3.txt,2,0,0,0,0,0,0,87,1,0,0,1,0,0,0,0,0,0,0,1,0,0,1,0,0,0,0,0,1356
207,1,20,0,0,2,3,0,0,0,Assent-Template-12-17-years-of-age-03-12-2012.txt,5,0,0,0,0,0,0,103,4,0,0,8,0,0,0,0,0,12,0,1,0,0,11,0,0,0,4,0,1855
208,1,0,0,0,1,3,0,1,0,future-contact-consent.txt,0,1,0,1,0,0,0,27,0,0,0,3,0,0,1,0,0,1,0,1,0,0,0,0,0,0,0,0,555
209,2,1,0,7,0,2,0,26,0,Consent_UF_Biorepository.txt,0,0,0,0,0,0,0,107,1,1,0,4,0,0,0,0,0,3,0,1,0,0,0,0,0,22,1,1,2272
210,0,0,0,0,1,13,5,0,0,impaired_decision_making_form.txt,0,0,0,0,0,0,0,24,1,1,0,3,0,0,0,0,0,2,0,1,0,0,1,0,0,0,0,0,982
211,0,0,0,0,0,0,0,1,0,informed-consent-short-form-english.txt,0,0,0,0,0,0,0,17,0,0,0,0,0,0,0,0,0,0,0,1,0,0,0,0,0,0,0,0,324
212,3,0,1,8,3,9,1,8,0,VU-eMERGEPGx-Consent-share.txt,2,0,0,0,0,0,0,132,0,0,0,1,0,0,0,0,0,1,0,1,0,0,3,0,0,0,1,0,2798
213,2,0,0,12,3,11,1,3,0,Patient-Consent-wTrack-Changes.txt,2,0,0,0,0,0,0,144,0,0,0,2,0,0,1,0,0,4,1,1,0,0,2,0,0,2,4,0,2822
214,2,0,0,2,4,4,0,4,0,Adult_ICF_CE.txt,6,0,0,0,0,0,0,146,0,0,0,3,0,0,1,0,0,11,1,1,1,0,9,2,1,0,4,0,2651
215,0,0,0,9,5,9,2,6,0,Consent-and-Authorization-Forms-Shriners-8-12-2014.txt,4,0,0,0,0,0,0,357,0,0,0,3,0,0,0,0,0,7,1,1,1,0,5,7,7,8,6,0,3948
216,3,1,0,6,5,24,3,13,0,HRP-502c - TEMPLATE CONSENT DOCUMENT.CHILD.txt,11,0,0,0,0,0,0,364,4,2,0,21,0,0,4,0,0,13,3,1,0,0,20,2,1,6,1,0,6724
217,1,0,0,8,4,11,2,7,0,CF-Template_Biomed.txt,3,0,0,0,0,0,0,234,1,0,0,2,0,0,0,0,0,6,1,1,0,0,16,6,6,3,1,0,3800
218,2,0,0,5,1,8,0,14,0,eMERGE_ApprovedConsent.txt,2,0,0,0,0,0,0,118,0,0,0,0,0,0,0,0,0,0,0,1,0,0,0,0,0,0,2,0,1922
219,1,1,0,23,3,5,0,3,0,standard-language-options-for-consent-form.txt,6,0,0,0,0,0,0,527,4,1,0,7,0,0,2,0,0,8,0,1,0,0,15,0,0,14,4,0,7871
220,0,0,0,0,0,0,0,0,0,Example Child Assent Form for Children up to Age 8.txt,0,0,0,0,0,0,0,21,0,0,0,0,0,0,0,0,0,0,0,1,0,0,0,0,0,0,6,0,429
221,2,0,0,0,1,2,1,2,0,CWRU SBER IRB Short Form IC.txt,1,0,0,0,0,0,0,24,0,0,0,0,0,0,0,0,0,0,0,1,0,0,0,0,0,0,0,1,467
222,0,5,0,0,0,3,1,0,0,TAMU - Waiver of Parental Permission or Assent.txt,6,0,0,0,0,0,0,63,0,0,0,2,0,0,0,0,0,1,0,1,0,0,1,0,0,0,0,0,971
223,0,1,0,0,1,2,0,0,0,Assent-Form1.txt,0,0,0,0,0,0,0,12,0,0,0,0,0,0,0,0,0,0,0,1,0,0,0,0,0,0,0,0,244
224,1,4,0,5,0,0,0,0,0,CF-Template_Biomed_Assent712YrOld.txt,0,0,0,0,0,0,0,122,2,0,0,2,0,0,0,0,0,1,0,1,0,0,4,0,0,0,0,0,1684
225,2,0,0,0,7,15,1,0,0,IC-RA_combined_2014-12-2 (1).txt,0,0,0,0,0,0,0,117,0,0,0,7,0,0,3,0,0,4,0,1,0,0,2,0,0,0,1,0,2480
226,4,0,0,2,19,30,1,16,0,hpsc_cftemplate.txt,6,0,0,0,0,0,0,335,1,0,0,3,0,0,1,0,0,14,3,1,0,0,12,8,8,4,7,0,7217
227,3,0,0,6,5,31,3,13,0,HRP-502a - TEMPLATE CONSENT DOCUMENT ADULT-QHC- dated 3 2013.txt,9,0,0,0,0,0,0,257,2,0,0,10,0,0,5,0,0,16,3,1,0,0,23,2,1,7,1,0,6617
228,1,2,0,1,2,12,0,2,0,HRP-585 - TEMPLATE PARENTAL PERMISSION DOCUMENT.txt,0,0,0,0,0,0,0,117,2,0,0,3,0,0,0,0,0,2,0,1,0,0,2,0,0,0,1,0,2185
229,0,0,0,0,2,6,3,0,0,consent_to_treat_child_9.txt,0,0,0,0,0,0,0,34,0,0,0,0,0,0,0,0,0,0,0,1,0,0,0,0,0,0,5,0,565
230,0,0,0,6,0,2,2,0,0,Walmart_Vaccine Administration Record and Informed Consent.txt,1,0,0,0,0,0,0,49,0,0,0,0,0,0,0,0,0,0,0,1,0,0,0,0,0,0,3,0,950
231,2,0,0,8,5,7,1,0,0,EIRH-GM-Consent_Final-Draft.txt,0,0,0,0,0,0,0,74,0,0,0,0,0,0,0,0,0,4,2,1,0,0,0,0,0,0,3,0,1814
232,1,5,0,9,21,45,2,7,0,Biomedical_Model_Consent.txt,5,0,0,0,0,0,0,514,6,0,0,10,0,0,1,0,0,25,3,1,0,0,23,1,0,6,5,0,10323
233,5,0,0,29,56,69,0,4,0,NCI_IC_Template.txt,6,0,0,0,0,0,0,821,0,0,0,1,0,0,1,0,0,26,1,1,0,0,61,16,0,7,6,0,11792
234,2,0,0,2,11,19,2,4,0,SJHA_ICFHIPAA_Template.txt,5,0,0,0,0,0,0,413,0,0,0,3,0,0,2,0,0,15,4,1,0,0,24,0,0,2,1,0,6751
235,1,0,0,0,1,3,0,0,0,hud-consent.txt,0,0,0,0,0,0,0,32,0,0,0,0,0,0,0,0,0,2,0,1,0,0,1,0,0,0,0,0,659
236,0,0,0,0,0,0,0,0,0,ConsentFormAddendum.txt,0,0,0,0,0,0,0,10,0,0,0,0,0,0,0,0,0,0,0,1,0,0,0,0,0,0,0,0,205
237,1,0,0,3,12,40,1,9,0,icfguide.txt,26,0,0,0,0,0,0,294,0,0,0,0,0,0,0,0,0,14,1,1,1,0,27,21,4,6,3,0,6364
238,5,0,0,12,4,4,0,2,0,Duke-excess-sample-consent-form.txt,1,0,0,0,0,0,0,127,0,0,0,0,0,0,0,0,0,1,1,1,0,0,2,18,10,13,1,0,4966
239,2,0,0,0,15,21,1,55,0,Informed-Consent-v4-6Jun12-clean.txt,3,0,0,0,0,0,0,152,0,0,0,4,0,0,1,0,0,4,1,1,1,0,3,1,1,0,7,0,3296
240,2,0,0,0,0,0,0,7,0,HBHS_Template_ConsentGeneral.txt,0,0,0,0,0,0,0,22,0,0,0,0,0,0,0,0,0,0,0,1,0,0,0,4,4,0,1,0,552
241,1,0,0,1,4,7,2,6,0,CF-Template_SocBehav.txt,1,0,0,0,0,0,0,137,1,0,0,1,0,0,0,0,0,2,0,1,0,0,11,6,6,1,2,0,2033
242,0,0,0,10,5,11,2,11,0,10170-Form-C-Med-and-HIPAA-Bank.txt,2,0,0,0,0,0,0,177,2,0,0,7,0,0,3,0,0,6,1,1,1,0,8,3,3,15,1,0,4082
243,1,0,0,6,6,25,1,1,0,ICF Parental Consent-clinicalstudies.txt,6,0,0,0,0,0,0,244,0,0,0,0,0,0,0,0,0,1,0,1,0,0,17,0,0,1,21,0,4911
244,1,0,0,1,10,43,4,6,0,VAConsentDocumentTemplate.txt,26,2,0,1,0,0,0,304,0,0,0,0,0,0,0,0,0,13,4,1,0,0,26,0,0,2,12,0,5656
245,3,0,0,14,3,6,0,11,0,GI_20Biorepository_20ICF-HIPAA__11-25-2014.txt,4,0,0,0,0,0,0,189,2,0,0,4,0,0,0,0,0,3,0,1,0,0,8,4,0,15,3,0,3490
246,2,0,0,1,1,13,0,8,0,HRP-502x - TEMPLATE CONSENT DOCUMENT.txt,5,0,0,0,0,0,0,101,2,0,0,10,0,0,5,0,0,8,3,1,0,0,6,1,1,0,1,0,3047
247,4,0,0,11,8,16,1,3,0,Form D (1).txt,10,0,0,0,0,0,0,357,1,0,0,5,0,0,4,0,0,15,4,1,0,0,14,0,0,6,3,0,8279
248,1,1,0,0,5,6,1,3,0,cirb_pediatric_cf_template.txt,2,0,0,0,0,0,0,133,0,1,0,3,0,0,1,0,0,6,0,1,0,0,5,3,3,0,4,0,2974
249,5,0,0,3,15,33,6,2,0,SUSampCons.txt,16,0,0,0,0,0,0,303,3,0,0,3,0,0,0,0,0,12,2,1,0,0,23,1,1,9,4,0,6220
250,4,1,0,5,4,17,4,5,0,NUgeneConsent_version_3.12.15_Expires_11.22.16.txt,1,0,0,0,0,0,0,100,1,0,0,4,0,0,1,0,0,1,0,1,1,0,0,0,0,1,2,0,2375
251,1,0,0,1,6,20,0,2,0,ParentalPermissionandAuthorizationDocumentTemplate.txt,16,0,0,0,0,0,0,266,1,0,0,2,0,0,0,0,0,6,1,1,0,0,27,0,0,0,6,0,4643
252,1,0,0,0,0,0,0,0,0,CF-Sample_SocBehav_School_Assent.txt,0,0,0,0,0,0,0,55,0,0,0,2,0,0,1,0,0,0,0,1,0,0,0,0,0,0,0,0,684
253,2,2,0,1,19,28,0,24,0,fc-consent-template.txt,1,0,0,0,0,0,0,262,2,0,0,7,0,0,3,0,0,9,1,1,0,0,26,0,0,3,4,0,4653
254,1,0,0,15,6,8,0,3,0,doc-20086428.txt,1,0,0,0,0,0,0,200,1,1,0,5,0,0,2,0,0,4,1,1,0,0,2,2,0,6,2,0,3180
255,3,0,0,4,4,15,1,6,0,Form E-1.txt,10,0,0,0,0,0,0,214,1,0,0,4,0,0,3,0,0,7,3,1,0,0,13,9,8,37,4,0,5366
256,3,0,0,6,5,31,3,13,0,HRP-502a - TEMPLATE CONSENT DOCUMENT ADULT-EHC- dated 3 2013.txt,9,0,0,0,0,0,0,359,2,0,0,10,0,0,5,0,0,16,3,1,0,0,23,2,1,7,1,0,6635
257,2,0,0,8,0,0,0,0,2,G_Genetic_Consent.txt,0,0,0,0,0,0,0,43,0,0,0,2,0,0,2,0,0,0,0,1,0,0,0,8,1,0,0,0,538
258,1,0,0,12,6,22,0,1,0,InformedConsent-clinicalstudies.txt,6,0,0,0,0,0,0,294,0,0,0,0,0,0,0,0,0,1,0,1,0,0,19,0,0,1,21,0,5027
259,6,0,0,4,1,6,0,7,0,GU-MHRI-consent-2013.txt,7,0,0,0,0,0,0,216,0,0,0,0,0,0,0,0,0,9,1,1,0,0,7,0,0,8,1,1,4247
260,5,0,0,12,0,1,0,3,0,MyCode-Consent-Version-28.txt,2,0,0,0,0,0,0,104,0,0,0,3,0,0,3,0,0,5,4,1,0,0,4,0,0,0,2,0,3001
261,1,16,0,0,0,2,0,0,0,AssentDocumentTemplate (1).txt,1,0,0,0,0,0,0,91,1,1,0,2,0,0,0,0,0,0,0,1,0,0,9,0,0,0,6,0,1376
262,4,0,0,6,0,2,2,0,0,Vanderbilt_consent_to_treat_form_public.txt,0,0,0,0,0,0,0,47,0,0,0,0,0,0,0,0,0,1,0,1,0,0,4,3,3,3,13,0,1114
263,5,0,0,1,4,7,1,6,0,CRC_Template_Dec_2013.txt,1,0,0,0,0,0,0,217,0,0,0,1,0,0,0,0,0,6,1,1,0,0,9,2,2,0,1,0,3745
264,6,2,0,8,15,39,8,16,0,wirb-consent-form-template.txt,12,1,0,0,0,0,0,233,2,0,0,14,0,0,7,0,0,15,0,1,0,0,11,9,8,11,12,0,5295
265,1,0,0,7,3,4,0,7,0,consent-with-hippa- ophs- changes-110209.txt,10,0,0,0,0,0,0,229,0,0,0,0,0,0,0,0,0,3,0,1,0,0,8,4,3,17,4,0,5481
266,1,0,0,3,15,21,2,2,0,informed-consent-wirb.txt,3,0,0,0,0,0,0,309,0,0,0,1,0,0,0,0,0,14,0,1,0,0,17,12,12,4,1,0,5656
267,2,0,0,11,40,69,0,67,0,ConsentFormExample texas.txt,15,1,0,1,0,0,0,663,1,0,0,6,0,0,3,0,0,8,0,1,6,0,27,32,28,27,7,0,8315
268,6,0,0,2,2,18,5,12,0,HRP-500 - TEMPLATE Consent Biomed_Clean_16DEC16 (1).txt,8,0,0,0,0,0,0,268,0,0,0,8,0,0,4,0,0,5,1,1,0,0,15,2,2,8,5,0,5090
269,1,1,0,0,6,20,0,1,0,ICFparentalConsent-qualitative.txt,7,0,0,0,0,0,0,175,0,0,0,1,0,0,0,0,0,1,0,1,0,0,10,0,0,0,14,0,3888
270,5,0,0,5,1,2,1,17,0,6.3.1.1_TCGA.Model.InformedConsent.Form.Prospective_Nov2011_508.txt,2,0,0,0,0,0,0,107,0,0,0,4,0,0,4,0,0,1,0,1,0,0,3,1,0,20,4,1,2631
271,2,4,0,0,0,0,0,0,0,assent-form-template.txt,0,0,0,0,0,0,0,56,1,0,0,2,0,0,0,0,0,0,0,1,0,0,5,0,0,0,0,0,1077
272,2,4,0,2,0,0,0,0,0,AssentNTx10204.txt,0,0,0,0,0,0,0,63,3,0,0,3,0,0,0,0,0,0,0,1,0,0,2,0,0,0,1,0,1340
273,0,0,0,0,0,0,0,1,0,TAMU - Subjects PHI Authorization Form.txt,0,0,0,0,0,0,0,41,0,0,0,0,0,0,0,0,0,0,0,1,0,0,2,0,0,0,2,0,704
274,0,0,0,5,0,8,0,5,0,SuS-ICS-IRB-Approved-Consent-Form.txt,1,1,0,0,0,0,0,162,0,0,0,4,0,0,0,0,0,6,0,1,0,0,2,0,0,1,7,0,164
275,5,0,0,4,16,34,6,4,0,SUSampCons_CA_privacy.txt,18,0,0,0,0,0,0,347,3,0,0,3,0,0,0,0,0,15,2,1,0,0,24,1,1,9,4,0,7199
276,3,1,0,12,10,33,8,21,2,consent-gtmr.txt,15,0,0,0,0,0,0,454,0,1,0,5,0,0,3,0,0,14,1,1,0,0,12,28,25,3,5,0,6820
277,1,13,0,9,5,37,0,3,0,IRB med template.txt,9,0,0,0,0,0,0,486,2,0,1,19,0,0,1,0,0,31,2,1,0,0,34,6,2,2,8,0,8663
278,6,0,0,1,1,6,0,5,0,GU-consent-2013.txt,7,0,0,0,0,0,0,198,0,0,0,1,0,0,0,0,0,9,1,1,0,0,8,1,1,5,1,1,3991
279,1,0,0,4,10,16,1,8,0,Consent-and-Authorization-Forms-Non-Clinical-7-3-2014.txt,13,0,0,0,0,0,0,275,0,0,0,7,0,0,0,0,0,11,1,1,1,0,6,6,6,4,2,0,5075
280,0,0,0,0,3,6,2,0,0,SampCons_TEM02C07.txt,1,0,0,0,0,0,0,23,0,0,0,1,0,0,0,0,0,0,0,1,0,0,0,0,0,0,1,0,556
281,1,1,0,1,14,22,1,1,0,BUMC-WIRB-ICF-Template (1).txt,10,0,0,0,0,0,0,185,1,0,0,13,0,0,4,0,0,6,0,1,0,0,8,0,0,0,4,0,3954
282,6,6,0,0,1,2,0,0,0,HRP-583-TEMPLATE-Assent-Form.txt,1,0,0,0,0,0,0,70,0,0,0,1,0,0,0,0,0,1,0,1,0,0,1,0,0,0,3,0,1548
283,1,2,0,4,0,1,0,3,0,CF-Template_Biomed_Assent1317YrOld.txt,1,0,0,0,0,0,0,153,1,0,0,2,0,0,0,0,0,3,1,1,0,0,5,0,0,0,1,0,2207
284,2,0,0,18,3,4,0,5,0,SCAN Informed Consent - 3.10.2013.txt,2,0,0,0,0,0,0,160,0,0,0,1,0,0,1,0,0,3,0,1,0,0,7,1,0,2,4,0,3011
285,0,0,0,0,0,0,0,0,0,Potomac Primary Care_flu-consent-form.txt,0,0,0,0,0,0,0,13,0,0,0,0,0,0,0,0,0,0,0,0,0,0,0,0,0,0,2,0,355
286,0,0,0,0,0,0,0,1,0,OSU_Scheduled_Delivery_Consent.txt,2,0,0,0,0,0,0,23,0,0,0,0,0,0,0,0,0,0,0,0,0,0,0,0,0,0,0,0,591
287,0,0,0,0,0,0,0,0,0,Cambridge_Consent_endodontics2.txt,0,0,0,0,0,0,0,24,0,0,0,0,0,0,0,0,0,4,0,0,0,0,1,0,0,0,2,0,280
288,0,0,0,0,0,1,1,0,0,Northwest_Missouri_State_University_Vaccination_Co.txt,0,0,0,0,0,0,0,21,0,0,0,0,0,0,0,0,0,0,0,0,0,0,3,0,0,0,2,0,288
289,0,0,0,0,0,4,0,0,0,UIowa_Patient-Treatment-Consent-Agreement.txt,1,0,0,0,0,0,0,25,0,0,0,0,0,0,0,0,0,1,0,0,0,0,0,0,0,0,3,0,570
290,1,0,0,0,0,1,0,0,0,Durango_Extraction-Consent.txt,0,0,0,0,0,0,0,7,0,0,0,0,0,0,0,0,0,1,0,0,0,0,0,0,0,0,0,0,285
291,0,0,0,0,1,2,0,1,0,DHHS_TANSANIA_HPV_Consent.txt,0,0,0,0,0,0,0,7,0,0,0,0,0,0,0,0,0,0,0,0,0,0,1,0,0,0,1,0,449
292,0,0,0,0,0,0,0,0,0,National Network for Oral Health Access_Discussion-and-Refussal-of-Treamtent-English.txt,0,0,0,0,0,0,0,27,0,0,0,0,0,0,0,0,0,0,0,0,0,0,0,0,0,0,8,0,450
293,0,0,0,0,1,1,0,0,0,Cambridge_Consent_oralsurgery1.txt,0,0,0,0,0,0,0,11,0,0,0,2,0,0,1,0,0,1,0,0,0,0,0,0,0,0,3,0,251
294,0,0,0,1,0,1,1,0,0,University_of_California_San_Francisco_Immunizatio.txt,0,0,0,0,0,0,0,20,0,0,0,0,0,0,0,0,0,1,0,0,0,0,0,0,0,0,1,0,445
295,1,0,0,0,0,1,1,0,0,Cambridge_Consent_bisconsentform06.txt,1,0,0,0,0,0,0,34,0,0,0,1,0,0,0,0,0,2,0,0,0,0,2,0,0,1,5,0,466
296,0,0,0,10,5,9,2,0,0,The American College of Surgeons_Lap Choly-Comprehensive Form.txt,0,0,0,0,0,0,0,212,0,0,0,0,0,0,0,0,0,1,1,0,0,0,7,0,0,5,5,0,2819
297,0,0,0,0,1,1,0,0,0,University of Nebraska_consent-hereditarycancer.txt,0,0,0,0,0,0,0,49,0,0,0,0,0,0,0,0,0,2,0,0,0,0,2,0,0,0,0,0,663
298,0,0,0,0,1,2,0,0,0,Sunrise_Oral+Conscious+Sedation+Consent.txt,1,0,0,0,0,0,0,48,0,0,0,0,0,0,0,0,0,2,0,0,0,0,0,0,0,0,7,0,916
299,0,0,0,2,0,6,4,2,0,Copy of SA Pathology_Genomic-Testing-Form-PUB-0490-v2.txt,0,0,0,0,0,0,0,39,0,0,0,0,0,0,0,0,0,2,0,0,0,0,1,0,0,1,1,0,508
300,0,0,0,0,0,1,1,0,0,Alliance Medical_MRI Patient Safety Consent form.txt,0,0,0,0,0,0,0,24,0,0,0,0,0,0,0,0,0,0,0,0,0,0,0,0,0,0,0,0,380
301,0,0,0,2,0,0,0,0,0,Immunize_LA_gardasil_hpv_consent_and_information.txt,0,0,0,0,0,0,0,82,0,0,0,0,0,0,0,0,0,0,0,0,0,0,8,0,0,0,1,0,1246
302,0,0,0,1,0,2,1,0,0,Vitalis_natropath_consent_to_treat.txt,1,0,0,0,0,0,0,28,0,0,0,0,0,0,0,0,0,2,0,0,0,0,0,0,0,2,4,0,691
303,0,0,0,7,2,7,3,0,0,Scott and White Healthcare_Arterial Line Consent.txt,1,0,0,0,0,0,0,82,0,0,0,0,0,0,0,0,0,4,1,0,0,0,1,0,0,0,14,0,1116
304,0,0,0,0,0,0,0,0,0,Health Village Imaging_MRI Consent From.txt,0,0,0,0,0,0,0,73,0,0,0,0,0,0,0,0,0,0,0,0,0,0,0,0,0,0,1,0,184
305,0,0,0,0,0,1,1,0,0,BROOKLYNPERIODONTICS_Consent for Consult.txt,0,0,0,0,0,0,0,12,0,0,0,0,0,0,0,0,0,1,0,0,0,0,0,0,0,0,1,0,124
306,0,0,0,0,3,6,1,0,0,Dentistry for Children _ Adolescents_ParentLegalGuardianConsentForm20180220.txt,1,0,0,0,0,0,0,12,0,0,0,0,0,0,0,0,0,2,0,0,0,0,0,0,0,0,2,0,242
307,0,0,0,10,0,3,2,0,0,The American College of Surgeons_CVC Catheter-Consent Only.txt,0,0,0,0,0,0,0,104,0,0,0,0,0,0,0,0,0,1,1,0,0,0,2,0,0,1,3,0,1198
308,2,0,0,0,0,0,0,0,0,Ministry of Health Labor and Welfare_JAPAN_Consent for MRI.txt,1,0,0,0,0,0,0,11,0,0,0,0,0,0,0,0,0,0,0,0,0,0,0,0,0,0,2,0,232
309,0,0,0,0,0,0,0,0,0,Schwieterman Pharmacies_consent-form-hpv-gardasil-9-2015_1.txt,1,0,0,0,0,0,0,12,0,0,0,0,0,0,0,0,0,0,0,0,0,0,0,0,0,0,3,0,419
310,0,0,0,0,0,2,2,0,0,Cambridge_Consent_Crown_Lengthening_Surgery.txt,1,0,0,0,0,0,0,51,0,0,0,0,0,0,0,0,0,0,0,0,1,0,1,0,0,1,6,0,1082
311,0,0,0,0,0,1,1,0,0,National Network for Oral Health Access__Endodontic-Consent-Form.txt,0,0,0,0,0,0,0,15,0,0,0,0,0,0,0,0,0,3,0,0,0,0,0,0,0,0,4,0,320
312,0,0,0,4,2,4,1,0,0,Viginia_Department_of_Health_FluVac16.txt,1,1,0,1,0,0,0,60,0,0,0,1,0,0,1,0,0,6,0,0,0,0,2,0,0,0,6,0,1307
313,4,2,0,7,2,3,0,0,0,New York City Health and Hospitals Corporation_ConsentForm-PedsArterialLine.txt,3,0,0,0,0,0,0,33,0,0,0,0,0,0,0,0,0,2,0,0,0,0,0,0,0,2,3,0,808
314,0,0,0,16,3,10,4,0,0,THE VALLEY HOSPITAL_Surgical Consent Form.txt,2,0,0,0,0,0,0,97,0,0,0,0,0,0,0,0,0,1,0,0,0,0,0,5,5,5,11,0,1083
315,0,0,0,2,0,2,0,0,0,EpicVascular_InformedConsent.txt,0,0,0,0,0,0,0,31,0,0,0,0,0,0,0,0,0,2,0,0,0,0,0,0,0,1,7,0,3
316,0,0,0,1,1,1,0,0,0,Tischler_ConsentForExtraction.txt,0,0,0,0,0,0,0,29,0,0,0,0,0,0,0,0,0,3,1,0,0,0,0,0,0,2,9,0,485
317,1,0,0,0,0,1,1,0,0,Cambridge_Consent_crownandbridge.txt,1,0,0,0,0,0,0,48,0,0,0,0,0,0,0,0,0,2,0,0,0,0,1,0,0,1,0,0,719
318,0,0,0,2,0,5,0,0,4,Copy of Reboot Center_Consent-Form.txt,4,1,0,0,0,1,0,176,0,0,0,0,0,0,0,0,0,15,0,0,5,0,0,0,0,3,24,0,23
319,2,0,0,1,1,5,1,0,0,St. Josephs_General Consent Form - English (2).txt,0,0,0,0,0,0,0,76,0,0,0,0,0,0,0,0,0,1,0,0,0,0,1,1,0,1,12,0,1530
320,1,0,0,1,0,0,0,0,0,Tischler_Periodontal_Tx_SCRP.txt,1,0,0,0,0,0,0,37,0,0,0,0,0,0,0,0,0,1,0,0,0,0,0,0,0,4,5,0,691
321,0,0,0,0,0,5,1,0,0,National Network for Oral Health Access_Consent-for-Safety-Steps.txt,0,0,0,0,0,0,0,40,0,0,0,0,0,0,0,0,0,0,0,0,0,0,0,0,0,0,9,0,830
322,0,0,0,7,0,10,8,0,0,JFK_Medical_Center_Consent-for-Open-Heart-Surgery.txt,0,0,0,0,0,0,0,35,0,0,0,0,0,0,0,0,0,3,1,0,0,0,3,0,0,1,8,0,848
323,4,0,0,2,1,6,3,1,0,GenericConsent_ProcedureAndOptionalTissueResearch_All-diagrams_Redacted.txt,0,0,0,0,0,0,0,97,1,0,0,2,0,0,0,0,0,2,0,0,0,0,0,3,3,10,11,0,1634
324,0,0,0,2,0,0,0,0,0,Immunize LA_gardasil hpv consent and information.txt,0,0,0,0,0,0,0,88,0,0,0,0,0,0,0,0,0,0,0,0,0,0,8,0,0,0,1,0,1132
325,1,0,0,0,1,2,1,0,0,PeachTree_Consent For OS Using IV Sed-Gen Anesth.txt,0,0,0,0,0,0,0,39,0,0,0,0,0,0,0,0,0,1,0,0,0,0,0,0,0,0,5,0,440
326,0,0,0,0,2,2,0,0,0,Cambridge_Consent_endodontics3.txt,0,0,0,0,0,0,0,10,0,0,0,0,0,0,0,0,0,0,0,0,0,0,0,0,0,0,3,0,285
327,4,2,0,2,2,3,0,0,0,New York City Health and Hospitals Corporation_ThoracentesisConsentKCH.txt,3,0,0,0,0,0,0,32,0,0,0,0,0,0,0,0,0,3,0,0,0,0,0,0,0,1,3,0,817
328,0,0,0,11,0,4,1,0,0,University_of_Washington_Induction-Of-Labor-Consen.txt,2,0,0,0,0,0,0,60,3,0,0,5,0,0,2,0,0,0,0,0,0,0,0,0,0,4,12,0,1137
329,1,0,0,0,0,2,0,0,0,Trident_consent-to-perform-dentistry.txt,1,0,0,0,0,0,0,34,0,0,0,0,0,0,0,0,0,2,0,0,0,0,0,0,0,1,8,0,537
330,1,0,0,1,0,0,0,0,0,Catawba Valley_Induction Consent.txt,0,0,0,0,0,0,0,18,0,0,0,0,0,0,0,0,0,0,0,0,0,0,0,0,0,0,0,0,392
331,1,0,0,0,1,2,0,0,0,Cambridge_Consent_endodontics1.txt,0,0,0,0,0,0,0,21,0,0,0,0,0,0,0,0,0,2,0,0,1,0,0,0,0,0,1,0,380
332,3,0,0,106,3,13,6,0,0,Halifax Health_surgicalconsent with blood.txt,9,0,0,0,0,0,0,202,0,0,0,0,0,0,0,0,0,6,0,0,0,0,7,0,0,1,11,0,3374
333,0,0,0,4,1,7,2,0,0,National Jewish Health_Informed-Consent-for-Genetic-Testing.txt,0,0,0,0,0,0,0,55,0,0,0,0,0,0,0,0,0,1,0,0,0,0,0,0,0,2,7,0,1098
334,4,0,1,13,1,5,0,0,0,University_of_Colorado_Health_Informed-Consent-for.txt,0,0,0,0,0,0,0,39,0,0,0,0,0,0,0,0,0,0,0,0,0,0,1,0,0,4,5,0,803
335,2,0,0,15,0,0,0,0,0,Ministry of Health Labor and Welfare_JAPAN_Blood Transfusion.txt,1,0,0,0,0,0,0,15,0,0,0,0,0,0,0,0,0,0,0,0,0,0,0,0,0,0,2,0,310
336,4,0,0,17,2,11,4,1,0,Copy of OrthopaedicSurgeryProcedureWithPhotoConsent_Redacted.txt,5,0,0,0,0,0,0,170,1,0,0,4,0,0,1,0,0,3,0,0,0,0,0,3,3,21,21,0,2828
337,0,0,0,0,0,3,1,0,0,Health Images_MRI-Consent-Form.txt,0,0,0,0,0,0,0,33,0,0,0,0,0,0,0,0,0,2,0,0,0,0,2,0,0,0,2,0,601
338,1,0,0,0,0,2,2,0,0,Cambridge_Consent_oralsurgery2.txt,0,0,0,0,0,0,0,8,0,0,0,0,0,0,0,0,0,0,0,0,0,0,0,0,0,0,2,0,211
339,0,0,0,3,0,1,1,0,0,They_Physician_Network_Varicella_Immunization_Cons.txt,0,0,0,0,0,0,0,68,0,0,0,0,0,0,0,0,0,0,0,0,0,0,15,0,0,0,0,0,1172
340,0,0,0,12,1,5,3,0,0,Highland Hospital_Device Implant Consent.txt,0,0,0,0,0,0,0,58,0,0,0,0,0,0,0,0,0,5,0,0,0,0,0,0,0,4,6,0,947
341,4,0,0,19,1,7,4,1,0,ScoliosisCorrection_Redacted.txt,2,0,0,0,0,0,0,142,1,0,0,2,0,0,0,0,0,2,0,0,0,0,0,3,3,20,16,0,2318
342,1,0,0,2,0,5,3,0,0,GenericConsent_ProcedureOnly_All-diagrams_Redacted.txt,0,0,0,0,0,0,0,66,0,0,0,0,0,0,0,0,0,1,0,0,0,0,0,3,3,3,11,0,1004
343,0,0,0,3,1,2,1,0,0,Rite Aid_Vaccine Screening and Consent Form.txt,1,0,0,0,0,0,0,26,0,0,0,0,0,0,0,0,0,1,0,0,0,0,1,0,0,0,1,0,662
344,0,0,0,0,2,2,0,0,0,OxfordCounty_HPV_Vaccine_Consent_Form.txt,0,0,0,0,0,0,0,94,0,1,0,1,0,0,0,0,0,1,0,0,0,0,0,0,0,0,1,0,914
345,0,0,0,0,0,7,3,0,0,Sunrise_exam+consent.txt,0,0,0,0,0,0,0,19,0,0,0,0,0,0,0,0,0,2,0,0,0,0,0,0,0,1,8,0,389
346,0,0,0,0,3,3,0,0,0,Illinois_Parental Consent Dental.txt,1,0,0,0,0,0,0,27,0,0,0,1,0,0,1,0,0,0,0,0,0,0,1,0,0,2,1,0,485
347,2,0,0,0,0,0,0,0,0,Murray Hill_MRI Patient Questionnaire.txt,1,0,0,0,0,0,0,27,0,0,0,0,0,0,0,0,0,0,0,0,0,0,1,0,0,1,1,0,965
348,0,0,0,1,3,6,0,0,0,_RESTRICTION_Copy of Emory Genetics Laboratory_molecular-testing-consent-form.txt,1,0,0,0,0,0,0,48,0,0,0,0,0,0,0,0,0,2,0,0,0,0,0,0,0,0,2,0,687
349,0,0,0,25,2,5,0,0,0,Standford Hospital and Clinics_consentfortransfusion-nonsurgical.txt,0,0,0,0,0,0,0,15,0,0,0,0,0,0,0,0,0,1,0,0,0,0,0,0,0,0,4,0,533
350,0,0,0,14,1,6,2,0,0,NZBLOOD_NEW ZEALAND_Consent-for-Use-of-Blood-Products.txt,0,0,0,0,0,0,0,8,0,0,0,0,0,0,0,0,0,0,0,0,0,0,0,0,0,0,1,0,238
351,0,0,0,16,0,1,1,0,0,Providence HC_Consent for Transfusion of Blood and or Blood Products.txt,1,0,0,0,0,0,0,21,0,0,0,0,0,0,0,0,0,0,0,0,1,0,0,0,0,0,2,0,343
352,1,0,0,3,0,4,2,0,0,IUD(IntrauterineDevice)Insertion_Redacted.txt,0,0,0,0,0,0,0,70,0,0,0,0,0,0,0,0,0,1,0,0,0,0,0,3,3,2,11,0,1006
353,2,0,0,0,0,6,3,0,0,HallifaxHealth_Consent.txt,1,0,0,0,0,0,0,47,0,0,0,0,0,0,0,0,0,0,0,0,0,0,0,0,0,0,8,0,928
354,0,0,0,0,1,1,0,0,0,NHS_United Kingdom_HPV Vaccine Consent Form (1).txt,0,0,0,0,0,0,0,11,0,0,0,0,0,0,0,0,0,0,0,0,0,0,1,0,0,0,0,0,257
355,0,0,0,0,4,4,0,0,0,Kent Community Health_Childhood-flu-consent-form-2017-18.txt,2,0,0,0,0,0,0,18,0,0,0,0,0,0,0,0,0,0,0,0,0,0,0,0,0,0,1,0,357
356,0,0,0,1,0,1,1,0,0,Copy of INOVA HEALTH SYSTEM_Surgery with Blood Consent.txt,0,0,0,0,0,0,0,25,0,0,0,0,0,0,0,0,0,0,0,0,0,0,0,0,0,1,6,0,387
357,0,0,0,2,4,12,0,0,0,ViaCord_Genetic Testing Courtesty Consent.txt,2,0,0,0,0,0,0,58,0,0,0,0,0,0,0,0,0,3,0,0,0,0,0,0,0,2,13,0,966
358,0,0,0,1,1,1,0,0,0,Kings Daughters Medical Center Clinic_6th grade physicals vaccine consent.txt,1,0,0,0,0,0,0,19,0,0,0,1,0,0,1,0,0,0,0,0,0,0,0,0,0,0,2,0,562
359,1,0,0,7,2,13,2,5,1,pediatric_CCGP_consent.txt,4,0,0,0,0,0,0,244,0,0,0,0,0,0,0,0,0,10,3,0,0,0,13,2,2,0,14,0,6270
360,0,0,0,0,0,2,2,0,0,Cambridge_Consent_oralsurgery3.txt,0,0,0,0,0,0,0,9,0,0,0,0,0,0,0,0,0,0,0,0,0,0,1,0,0,0,2,0,200
361,4,2,0,3,2,3,0,0,0,New York City Health and Hospitals Corporation_ConsentForm-CentralVenousCatheter.txt,3,0,0,0,0,0,0,32,0,0,0,0,0,0,0,0,0,4,0,0,0,0,0,0,0,2,3,0,817
362,0,0,0,0,0,2,1,0,0,Seattle_Health_acupuncture_consent_form.txt,1,0,0,0,0,0,0,20,0,0,0,0,0,0,0,0,0,1,0,0,0,0,1,0,0,2,1,0,370
363,4,0,0,8,9,59,10,0,0,Copy of NHS_United Kingdom_Investigation or Treatment.txt,1,0,0,0,0,0,0,18913,0,0,0,0,0,0,0,0,0,5,0,0,0,0,25,0,0,8,15,0,2735
364,1,0,0,2,1,4,0,0,0,RCMelbourne_Procedural Consent Form_April 2016 Final.txt,0,0,0,0,0,0,0,22,0,0,0,0,0,0,0,0,0,1,0,0,0,0,0,0,0,1,3,0,408
365,0,0,0,0,1,3,0,3,0,_RESTRICTION_Copy of Invitae_ Genetic Testing Patient-Consent.txt,0,0,0,0,0,0,0,103,0,0,0,0,0,0,0,0,0,1,0,0,0,0,0,0,0,0,3,0,989
366,2,0,0,0,0,0,0,0,0,Radnet_MRI-History-Consent.txt,1,0,0,0,0,0,0,575,0,0,0,0,0,0,0,0,0,0,0,0,0,0,1,0,0,1,1,0,1396
367,0,0,0,0,1,3,1,0,0,States of Guernsey_HPV consent.txt,0,0,0,0,0,0,0,4,0,0,0,0,0,0,0,0,0,0,0,0,0,0,0,0,0,0,2,0,150
368,0,0,0,0,0,1,0,0,0,TopPICC_consent+form2.txt,0,0,0,0,0,0,0,8,0,0,0,0,0,0,0,0,0,0,0,0,0,0,0,0,0,0,1,0,189
369,1,0,0,0,0,1,1,0,0,Cambridge_Consent_endodontics4.txt,2,0,0,0,0,0,0,15,0,0,0,1,0,0,1,0,0,1,0,0,0,0,0,0,0,0,1,0,524
370,0,0,0,0,1,3,0,0,0,Pediatric Dental of Idaho_consentform.txt,0,0,0,0,0,0,0,30,0,0,0,0,0,0,0,0,0,4,0,0,0,0,0,0,0,2,6,0,668
371,0,0,0,0,1,1,0,0,0,Copy of University of Nebraska_consent-hereditarycancer.txt,0,0,0,0,0,0,0,49,0,0,0,0,0,0,0,0,0,2,0,0,0,0,2,0,0,0,0,0,663
372,1,0,0,0,0,0,0,0,0,Cedars Sinai_MRI-Pregnancy-Consent.txt,0,0,0,0,0,0,0,10,0,0,0,0,0,0,0,0,0,0,0,0,0,0,0,0,0,0,1,0,121
373,0,0,0,0,0,0,0,0,0,Stanford_immunization_consent_form.txt,0,0,0,0,0,0,0,62,0,0,0,0,0,0,0,0,0,1,0,0,0,0,1,0,0,0,1,0,1199
374,1,0,0,1,0,0,0,0,0,Catawba_Valley_Induction_Consent.txt,0,0,0,0,0,0,0,16,0,0,0,0,0,0,0,0,0,0,0,0,0,0,0,0,0,0,0,0,402
375,0,0,0,0,1,30,8,0,0,KINGS_COUNTY_HOSPITAL_CENTER_DNRConsentPolicyKCH.txt,47,0,0,0,0,0,0,177,0,0,0,0,0,0,0,0,0,5,1,0,0,0,7,0,0,0,0,0,3461
376,1,0,0,0,0,2,1,0,0,Cambridge_Consent_oralsurgery7.txt,0,1,0,0,0,0,0,18,0,0,0,0,0,0,0,0,0,5,0,0,0,0,0,0,0,0,3,0,348
377,0,0,0,0,1,4,1,0,0,National Network for Oral Health Access_Patient-Management-Techniques-English.txt,0,0,0,0,0,0,0,7,0,0,0,0,0,0,0,0,0,0,0,0,0,0,0,0,0,0,3,0,252
378,0,0,0,0,0,1,0,0,0,Tischler_FixedProsthodontocsTx.txt,3,0,0,0,0,0,0,265,0,0,0,0,0,0,0,0,0,16,3,0,1,0,3,0,0,8,3,0,4076
379,0,0,0,0,0,0,0,0,0,National Network for Oral Health Access_Child-Photo-or-Video-Release-Consent-Form-ENGLISHSPANISH.txt,0,0,0,0,0,0,0,6,1,0,0,3,0,0,1,0,0,0,0,0,0,0,0,0,0,0,1,0,193
380,1,0,0,0,0,0,0,0,0,Cambridge_Consent_dentures1.txt,0,0,0,0,0,0,0,41,0,0,0,0,0,0,0,0,0,0,0,0,0,0,0,0,0,8,0,0,1115
381,0,0,0,0,0,1,0,0,0,National Network for Oral Health Access_Consent-SDF-SFDPH-Eng.txt,0,0,0,0,0,0,0,29,0,0,0,0,0,0,0,0,0,0,0,0,0,0,1,0,0,0,3,0,585
382,0,0,0,0,0,3,3,0,0,BROOKLYNPERIODONTICS_Consent for surgicalconsent.txt,0,0,0,0,0,0,0,13,0,0,0,0,0,0,0,0,0,0,0,0,0,0,0,0,0,0,4,0,214
383,1,0,0,2,1,2,1,0,0,Beacon_Implant-Consent.txt,1,0,0,0,0,0,0,98,1,0,0,1,0,0,0,0,0,8,0,0,0,0,10,0,0,4,15,0,2162
384,0,0,0,0,1,2,1,0,0,Cambridge_Consent_oralsurgery6.txt,0,0,0,0,0,0,0,16,0,0,0,1,0,0,1,0,0,0,0,0,0,0,0,0,0,0,2,0,268
385,0,0,0,0,1,4,0,0,0,Queensland_AUSTRALIA_Immunization_Consent_Form_HPV_001.txt,0,0,0,0,0,0,0,16,0,0,0,0,0,0,0,0,0,0,0,0,0,0,0,0,0,0,5,0,630
386,0,0,0,2,1,3,1,0,0,CHC_Admission Consent Form 01.16.17.txt,0,0,0,0,0,0,0,18,2,0,0,3,0,0,1,0,0,1,0,0,0,0,1,0,0,0,9,0,512
387,2,0,0,0,0,6,3,0,0,HallifaxHealth_Consent (1).txt,1,0,0,0,0,0,0,47,0,0,0,0,0,0,0,0,0,0,0,0,0,0,0,0,0,0,8,0,928
388,0,0,0,0,1,2,1,0,0,Cambridge_Consent_endodontics5.txt,0,0,0,0,0,0,0,29,0,0,0,0,0,0,0,0,0,3,0,0,0,0,0,0,0,0,4,0,356
389,4,0,0,1,0,1,1,0,0,Cambridge_Consent bonegraft.txt,1,0,0,0,0,0,0,34,0,0,0,0,0,0,0,0,0,0,0,0,0,0,0,0,0,1,6,0,735
390,0,0,0,0,0,3,1,0,0,Molecular Imaging_MRI_Consent.txt,0,0,0,0,0,0,0,30,0,0,0,0,0,0,0,0,0,2,0,0,0,0,2,0,0,0,2,0,532
391,0,0,0,10,5,9,2,0,0,The_American_College_of_Surgeons_Lap_Choly-Compreh.txt,0,0,0,0,0,0,0,208,0,0,0,0,0,0,0,0,0,1,1,0,0,0,7,0,0,5,5,0,2833
392,0,0,0,0,0,0,0,0,0,National Network for Oral Health Access_Adult-Photo-or-Video-Release-Consent-Form-ENGLISHSPANISH.txt,0,0,0,0,0,0,0,6,1,0,0,3,0,0,1,0,0,0,0,0,0,0,0,0,0,0,1,0,175
393,2,0,0,1,1,5,1,0,0,Copy of St. Josephs_General Consent Form - English.txt,0,0,0,0,0,0,0,76,0,0,0,0,0,0,0,0,0,1,0,0,0,0,1,1,0,1,12,0,1530
394,0,0,0,0,0,0,0,0,0,Cambridge_Consent_endodontics7.txt,0,0,0,0,0,0,0,57,0,0,0,0,0,0,0,0,0,2,0,0,0,0,1,0,0,1,7,0,490
395,0,0,1,0,0,0,0,0,0,_PHOTO RESEARCH_Copy of UMinnesota_cleft-and-craniofacial-clinics-consent-form.txt,0,0,0,0,0,0,0,4,0,0,0,2,0,0,1,0,0,0,0,0,0,0,0,0,0,0,3,0,194
396,1,0,0,0,0,2,2,0,0,Cambridge_Consent_oralsurgery4.txt,0,0,0,0,0,0,0,96,0,0,0,0,0,0,0,0,0,0,0,0,0,0,0,0,0,0,2,0,201
397,1,0,0,0,0,3,0,0,0,Cornman_PatientConsentForm.txt,0,0,0,0,0,0,0,10,0,0,0,0,0,0,0,0,0,1,1,0,3,0,0,0,0,0,5,0,256
398,0,0,0,1,2,4,0,1,0,Copy of University of Alabama at Burmingham_ Genetic testing INFORMED-CONSENT-20180221.txt,1,0,0,0,0,0,0,60,0,0,0,0,0,0,0,0,0,2,0,0,0,0,0,1,0,1,2,0,889
399,0,0,0,6,0,2,1,0,1,Regional Blood Service_GHANA_ Blood Consent-Form.txt,0,0,0,0,0,0,0,159,0,0,0,0,0,0,0,0,0,1,0,0,0,0,0,0,0,0,5,0,224
400,0,0,0,3,0,1,1,1,0,Kansas_Immunization_Program_Vaccine_Documenation_C.txt,0,0,0,0,0,0,0,46,0,0,0,0,0,0,0,0,0,0,0,0,0,0,0,0,0,0,1,0,839
401,1,0,0,0,0,1,1,0,0,Richland_General Dentistry Consent.txt,1,1,0,0,0,0,0,52,0,0,0,2,0,0,1,0,0,6,1,0,0,0,0,0,0,1,9,0,917
402,0,0,0,0,0,0,0,0,0,VAP-PICC-Consent-Form.txt,0,0,0,0,0,0,0,10,0,0,0,0,0,0,0,0,0,0,0,0,0,0,1,0,0,0,0,0,265
403,0,0,0,0,0,5,4,0,0,Cambridge_Consent_photographs.txt,0,0,0,0,0,0,0,7,0,0,0,1,0,0,1,0,0,0,0,0,0,0,0,0,0,0,0,0,187
404,1,0,0,0,0,1,1,0,0,Cambridge_Consent_dentures2.txt,0,0,0,0,0,0,0,35,0,0,0,0,0,0,0,0,0,0,0,0,0,0,0,0,0,9,0,0,636
405,0,0,0,7,0,3,2,0,0,The_American_College_of_Surgeons_Chest_Tube-Pre_an.txt,0,0,0,0,0,0,0,171,0,0,0,0,0,0,0,0,0,3,1,0,0,0,0,0,0,2,3,0,2059
406,0,0,0,0,0,1,0,0,0,Cambridge_Consent_biopsy.txt,0,0,0,0,0,0,0,26,0,0,0,0,0,0,0,0,0,3,0,0,1,0,0,0,0,2,2,0,423
407,0,0,0,23,1,3,1,0,0,UPMC_consent-to-blood.txt,0,0,0,0,0,0,0,17,0,0,0,0,0,0,0,0,0,0,0,0,0,0,0,0,0,0,6,0,441
408,1,0,0,0,0,3,3,0,0,Cambridge_Consent general3.txt,0,0,0,0,0,0,0,16,0,0,0,0,0,0,0,0,0,0,0,0,0,0,0,0,0,0,3,0,244
409,0,0,0,1,2,4,0,1,0,University of Alabama at Burmingham_ Genetic testing INFORMED-CONSENT-20180221.txt,1,0,0,0,0,0,0,60,0,0,0,0,0,0,0,0,0,2,0,0,0,0,0,1,0,1,2,0,889
410,0,0,0,0,1,4,2,0,0,_PHOTO RESEARCH_Copy of Triangle_Form-Request and Consent for Dental Treatment_ENGLISH.txt,0,0,0,0,0,0,0,51,1,0,0,1,0,0,0,0,0,0,0,0,0,0,2,0,0,1,14,0,822
411,1,0,0,0,0,1,1,0,0,Artistic Dentistry_Restorative-informed-consent.txt,0,0,0,0,0,0,0,53,0,0,0,0,0,0,0,0,0,2,0,0,0,0,1,0,0,1,2,0,654
412,0,0,0,0,0,1,1,0,0,Cambridge_Consent_endodontics6.txt,6,0,0,0,0,0,0,53,0,0,0,0,0,0,0,0,0,2,1,0,0,0,1,0,0,2,1,0,842
413,0,0,0,0,0,0,0,0,0,Potomac_Primary_Care_flu-consent-form.txt,0,0,0,0,0,0,0,13,0,0,0,0,0,0,0,0,0,0,0,0,0,0,0,0,0,0,2,0,368
414,3,0,0,14,3,6,0,0,0,Copy of YALE NEW HAVEN HEALTH_Consent for Operation or Special Procedure.txt,1,0,0,0,0,0,0,54,0,0,0,4,0,0,4,0,0,0,0,0,0,0,1,0,0,2,15,0,1230
415,0,0,0,0,1,3,0,3,0,Invitae_ Genetic Testing Patient-Consent.txt,0,0,0,0,0,0,0,103,0,0,0,0,0,0,0,0,0,1,0,0,0,0,0,0,0,0,3,0,989
416,0,0,0,27,1,6,3,0,0,Huntington_blood-transfusion-english.txt,0,0,0,0,0,0,0,28,0,0,0,0,0,0,0,0,0,0,0,0,0,0,2,0,0,0,1,0,726
417,0,0,0,0,1,2,0,0,0,PeachTree_Post Op- EXT Consent Forms.txt,0,0,0,0,0,0,0,10,1,0,0,1,0,0,0,0,0,3,0,0,0,0,0,0,0,0,4,0,304
418,0,0,0,0,1,3,0,0,0,Copy of Pediatric Dental of Idaho_consentform.txt,0,0,0,0,0,0,0,30,0,0,0,0,0,0,0,0,0,4,0,0,0,0,0,0,0,2,6,0,668
419,0,0,0,1,1,5,3,0,0,Lifespan_natropath consent to treat.txt,3,0,0,0,0,0,0,28,0,0,0,0,0,0,0,0,0,1,0,0,0,0,0,0,0,4,8,0,860
420,0,0,0,0,0,5,0,0,0,Toronto_Public_Health_School_Vaccination_Consent_F.txt,0,0,0,0,0,0,0,35,0,0,0,0,0,0,0,0,0,0,0,0,0,0,0,0,0,0,5,0,753
421,0,0,0,0,6,9,0,0,0,Niagra_Region_HPV_Vaccination_Consent_Form.txt,2,0,0,0,0,0,0,33,0,0,0,0,0,0,0,0,0,0,0,0,0,0,0,0,0,0,2,0,672
422,0,0,0,0,0,1,1,0,0,Cambridge_Consent_ortho2.txt,8,0,0,0,0,0,0,54,0,0,0,0,0,0,0,0,0,0,0,0,0,0,1,0,0,1,1,0,681
423,0,0,0,25,0,6,0,0,0,Western Health_Blood Product Consent and Prescription form.txt,10,0,0,0,0,0,0,569,0,0,0,0,0,0,0,0,0,9,0,0,0,0,4,0,0,0,2,0,1114
424,0,0,0,0,0,0,0,0,0,South Forsyth Family Medicine and Pediatrics_vaccination consent form.txt,1,0,0,0,0,0,0,13,0,0,0,0,0,0,0,0,0,1,0,0,0,0,0,0,0,0,0,0,263
425,1,0,0,0,0,1,0,0,0,Florida_Institute_of_Technology_Consent-Form-for-F.txt,0,0,0,0,0,0,0,18,0,0,0,0,0,0,0,0,0,0,0,0,0,0,2,0,0,0,0,0,334
426,0,0,0,2,1,2,1,0,0,Benzie-Leelanau District Health Department_Immunization ConsentForm.txt,0,0,0,0,0,0,0,4,0,0,0,0,0,0,0,0,0,0,0,0,0,0,0,0,0,0,0,0,293
427,1,0,0,3,0,4,2,0,0,Summit_consent-admit_treat (1).txt,0,0,0,0,0,0,0,26,0,0,0,1,0,0,0,0,0,1,0,0,0,0,0,1,0,1,3,0,682
428,0,0,0,0,0,0,0,0,0,Keith_ImplantConsent.txt,3,0,0,0,0,0,0,17,0,0,0,0,0,0,0,0,0,0,0,0,0,0,0,0,0,1,4,0,282
429,1,0,0,0,0,0,0,0,0,Trident_informed-consent-english.txt,4,0,0,0,0,0,0,111,0,0,0,1,0,0,1,0,0,6,0,0,0,0,3,0,0,4,44,0,1780
430,4,0,0,3,4,7,1,3,0,MARIJUANA DOCTORS_medical-marijuana-consent-form (1).txt,4,0,0,0,0,0,0,120,0,0,0,0,0,0,0,0,0,3,0,0,0,0,3,0,0,0,5,0,2073
431,0,0,0,16,3,10,4,0,0,Copy of THE VALLEY HOSPITAL_Surgical Consent Form.txt,2,0,0,0,0,0,0,97,0,0,0,0,0,0,0,0,0,1,0,0,0,0,0,5,5,5,11,0,1083
432,0,0,0,0,0,2,1,0,0,Henry Ford_Induction.txt,0,0,0,0,0,0,0,45,0,0,0,0,0,0,0,0,0,1,0,0,0,0,1,0,0,0,2,0,334
433,0,0,0,0,1,3,0,0,0,Nova Scotia Department of Health and Wellness_School Immunization Consent Form.txt,0,0,0,0,0,0,0,12,0,0,0,0,0,0,0,0,0,0,0,0,0,0,0,0,0,0,1,0,416
434,0,0,0,0,0,0,0,0,0,Cambridge_Consent_extraction1.txt,0,0,0,0,0,0,0,3,0,0,0,0,0,0,0,0,0,0,0,0,0,0,0,0,0,1,1,0,228
435,0,0,0,6,0,1,1,0,0,ART & SCIENCE_Labor Induction Consent Form.txt,0,0,0,0,0,0,0,89,0,0,0,0,0,0,0,0,0,0,0,0,0,0,1,0,0,0,0,0,1564
436,0,0,0,0,0,3,2,0,0,BROOKLYNPERIODONTICS_Consent for Periodonta.txt,1,0,0,0,0,0,0,62,0,0,0,1,0,0,0,0,0,2,0,0,1,0,3,0,0,1,6,0,980
437,0,0,0,0,0,0,0,0,0,University of Washington_Induction-Of-Labor-Consent.txt,0,0,0,0,0,0,0,16,0,0,0,0,0,0,0,0,0,0,0,0,0,0,0,0,0,0,0,0,89
438,0,0,0,1,0,0,0,0,0,Cambridge_Refusal of treatment.txt,1,1,0,1,0,0,0,13,0,0,0,0,0,0,0,0,0,0,0,0,0,0,0,0,0,0,1,0,273
439,0,0,0,0,0,1,1,0,0,Fatemi Family Dentistry_Restorative consent.txt,0,0,0,0,0,0,0,43,0,0,0,0,0,0,0,0,0,0,0,0,0,0,0,0,0,1,1,0,550
440,0,0,0,0,0,0,0,0,0,Royal Care Dental_TREATMENT-WITHOUT-PARENT-royal.txt,0,0,0,0,0,0,0,6,0,0,0,2,0,0,2,0,0,0,0,0,0,0,1,0,0,0,1,0,131
441,0,0,1,0,0,0,0,0,0,UMinnesota_cleft-and-craniofacial-clinics-consent-form.txt,0,0,0,0,0,0,0,4,0,0,0,2,0,0,1,0,0,0,0,0,0,0,0,0,0,0,3,0,194
442,0,0,0,1,1,5,3,0,0,Lifespan_natropath_consent_to_treat.txt,3,0,0,0,0,0,0,44,0,0,0,0,0,0,0,0,0,1,0,0,0,0,0,0,0,4,8,0,909
443,0,0,0,0,1,2,0,0,0,DECK DENTISTRY_Consent for In Office Whitening Treatment.txt,0,0,0,0,0,0,0,44,0,0,0,0,0,0,0,0,0,2,0,0,0,0,0,0,0,2,6,0,737
444,0,0,0,0,0,0,0,0,0,South_Forsyth_Family_Medicine_and_Pediatrics_vacci.txt,1,0,0,0,0,0,0,16,0,0,0,0,0,0,0,0,0,1,0,0,0,0,0,0,0,0,0,0,255
445,0,0,0,0,1,4,1,0,0,Sunrise_Caregiver+consent+form.txt,2,0,0,0,0,0,0,28,0,0,0,0,0,0,0,0,0,1,0,0,0,0,0,0,0,1,10,0,600
446,0,0,0,1,0,5,2,0,0,Copy of Mayo Clinic_Informed Consent for Genetic Testing.txt,0,0,0,0,0,0,0,45,0,0,0,0,0,0,0,0,0,0,0,0,0,0,0,4,0,1,8,0,710
447,0,0,0,0,0,0,0,0,0,Cambridge_Consent_ortho1.txt,1,0,0,0,0,0,0,37,0,0,0,0,0,0,0,0,0,0,0,0,0,0,5,0,0,0,1,0,531
448,1,0,0,2,0,3,3,0,0,NCSC_patient-consent-on-Admission.txt,0,0,0,0,0,0,0,52,0,0,0,0,0,0,0,0,0,0,0,0,0,0,0,0,0,0,10,0,1259
449,0,0,0,0,1,3,1,0,0,Cincinnati Childrens_ DNA consent-forms-pdf.txt,1,0,0,0,0,0,0,34,0,0,0,0,0,0,0,0,0,0,0,0,0,0,0,0,0,0,1,0,447
450,1,0,0,0,0,1,0,0,0,Florida Institute of Technology_Consent-Form-for-Flu-Vaccine-2017.txt,0,0,0,0,0,0,0,18,0,0,0,0,0,0,0,0,0,0,0,0,0,0,2,0,0,0,0,0,313
451,0,0,0,16,3,10,4,0,0,THE VALLEY HOSPITAL_Surgical Consent Form (1).txt,2,0,0,0,0,0,0,97,0,0,0,0,0,0,0,0,0,1,0,0,0,0,0,5,5,5,11,0,1083
452,0,0,0,16,3,10,4,0,0,THE_VALLEY_HOSPITAL_Surgical_Consent_Form_1_.txt,2,0,0,0,0,0,0,92,0,0,0,0,0,0,0,0,0,1,0,0,0,0,0,5,5,5,11,0,1135
453,0,0,0,0,1,5,3,0,0,Absolute Balance_Acupuncture.txt,1,0,0,0,0,0,0,31,0,0,0,0,0,0,0,0,0,0,0,0,0,0,0,0,0,0,11,0,607
454,3,0,0,14,2,6,0,0,0,YALE_NEW_HAVEN_HEALTH_Consent_for_Operation_or_Spe.txt,1,0,0,0,0,0,0,54,0,0,0,4,0,0,4,0,0,0,0,0,0,0,1,0,0,2,15,0,1279
455,1,0,0,2,1,1,0,0,0,Griffin Imaging_mri-2017-1.txt,2,0,0,0,0,0,0,50,0,0,0,0,0,0,0,0,0,1,0,0,0,0,0,0,0,1,3,0,860
456,0,0,0,0,2,2,0,0,0,OxfordCounty_HPV Vaccine Consent Form.txt,0,0,0,0,0,0,0,101,0,1,0,1,0,0,0,0,0,1,0,0,0,0,0,0,0,0,1,0,860
457,0,0,0,33,0,0,0,0,0,Kaiser Permanente_consent-blood.txt,0,0,0,0,0,0,0,55,0,0,0,0,0,0,0,0,0,0,0,0,0,0,0,0,0,1,4,0,792
458,0,0,0,0,0,2,2,0,0,DECK DENTISTRY_Consent for Gingival Grafting Surgery.txt,0,0,0,0,0,0,0,48,0,0,0,1,0,0,0,0,0,2,0,0,1,0,3,0,0,7,6,0,889
459,0,0,0,0,0,2,1,0,0,Kathy_Nordgren_Acupuncture.txt,1,0,0,0,0,0,0,63,0,0,0,0,0,0,0,0,0,2,0,0,0,0,0,0,0,1,7,0,778
460,0,0,0,3,0,2,0,0,0,Greenwich Central School District_HEPATITIS B VACCINATION Consent form.txt,1,0,0,0,0,0,0,19,0,0,0,0,0,0,0,0,0,1,0,0,0,0,1,0,0,0,6,0,418
461,0,0,0,0,0,0,0,0,0,Keith_Extraction Consent.txt,3,0,0,0,0,0,0,17,0,0,0,0,0,0,0,0,0,0,0,0,0,0,0,0,0,1,4,0,282
462,1,0,0,0,0,1,0,0,0,"Consent, Acknowledgement and Authorizations.txt",1,0,0,0,0,0,0,44,0,0,0,0,0,0,0,0,0,1,0,0,0,0,0,0,0,0,5,0,783
463,1,0,0,16,0,6,3,0,0,GenericConsent_ProcedureAndBloodTissueImplants_All-diagrams_Redacted.txt,2,0,0,0,0,0,0,110,0,0,0,0,0,0,0,0,0,1,0,0,0,0,0,3,3,13,16,0,1632
464,0,0,0,1,0,0,0,0,0,BROOKLYNPERIODONTICS_Consent for extraction.txt,0,0,0,0,0,0,0,17,0,0,0,0,0,0,0,0,0,2,0,0,0,0,0,0,0,1,4,0,392
465,3,0,0,0,1,2,1,0,0,New_York_City_Health_and_Hospitals_Corporation_HIV.txt,0,0,0,0,0,0,0,18,0,0,0,0,0,0,0,0,0,1,0,0,0,0,0,0,0,0,2,0,366
466,1,0,0,0,0,1,1,0,0,Wellness_Group_INFLUENZA_CONSENT_FORM_INACTIVE.txt,0,0,0,0,0,0,0,41,0,0,0,0,0,0,0,0,0,0,0,0,0,0,0,0,0,0,1,0,760
467,0,0,0,0,0,0,0,0,0,Cambridge_Consent_gingivalaugmentation.txt,0,0,0,0,0,0,0,45,0,0,0,0,0,0,0,0,0,1,0,0,0,0,2,0,0,3,3,0,891
468,1,0,0,0,0,4,1,0,0,General_MI-Consent-for-General-Dental-Procedures.txt,2,0,0,0,0,0,0,48,0,0,0,0,0,0,0,0,0,0,0,0,0,0,2,0,0,0,1,0,890
469,0,0,0,0,0,0,0,0,0,National Network for Oral Health Access_Nitrous-Oxide-Consent-ENG.txt,1,0,0,0,0,0,0,29,0,0,0,0,0,0,0,0,0,3,1,0,0,0,0,0,0,0,4,0,430
470,0,0,0,1,0,0,0,0,0,Indiana_Sample_Consent_Form_Induction.txt,0,0,0,0,0,0,0,29,0,0,0,0,0,0,0,0,0,0,0,0,0,0,1,0,0,0,0,0,420
471,0,0,0,0,1,8,3,0,0,william-clements-university-hospital_-consent-for-admission-english.txt,0,0,0,0,0,0,0,76,0,0,0,0,0,0,0,0,0,2,0,0,0,0,1,0,0,0,17,0,1384
472,0,0,0,36,0,2,1,0,0,Southern Regional Medical Center_ConsentOrRefusalForBlood.txt,0,0,0,0,0,0,0,37,0,0,0,0,0,0,0,0,0,1,0,0,0,0,1,0,0,0,6,0,625
473,0,0,0,1,0,0,0,0,0,Indiana_Sample Consent Form Induction.txt,0,0,0,0,0,0,0,29,0,0,0,0,0,0,0,0,0,0,0,0,0,0,1,0,0,0,0,0,433
474,0,0,0,0,1,1,0,0,0,Kings_Daughters_Medical_Center_Clinic_hpv_consent.txt,1,0,0,0,0,0,0,12,0,0,0,1,0,0,1,0,0,0,0,0,0,0,0,0,0,0,2,0,456
475,0,0,0,5,3,8,0,0,0,Legacy Health System_Transfusion Fillable Informed Consent.txt,1,0,0,0,0,0,0,21,0,0,0,0,0,0,0,0,0,1,0,0,0,0,1,0,0,0,4,0,466
476,0,0,0,1,0,3,3,0,0,AllianceforDentalCare_updatedextractconsentform.txt,0,0,0,0,0,0,0,30,0,0,0,0,0,0,0,0,0,1,0,0,0,0,0,0,0,2,2,0,445
477,0,0,0,1,2,4,1,0,0,moleculargenetics-informed-consent.txt,0,0,0,0,0,0,0,34,0,0,0,0,0,0,0,0,0,2,0,0,0,0,0,0,0,0,4,0,499
478,0,0,0,4,7,12,0,0,0,Pomona Valley_consent for induction (filled out).txt,8,0,0,0,0,0,0,478,0,0,0,0,0,0,0,0,0,7,1,0,0,0,8,1,0,0,2,0,5186
479,2,0,0,0,0,0,0,0,0,Tischler_LanapConsentTx.txt,0,0,0,0,0,0,0,55,0,0,0,0,0,0,0,0,0,1,0,0,0,0,1,0,0,2,10,0,849
480,0,0,0,0,0,1,1,0,0,Cambridge_Consent_scalingrootplaning20.txt,1,0,0,0,0,0,0,33,0,0,0,0,0,0,0,0,0,0,0,0,0,0,0,0,0,1,2,0,368
481,0,0,0,0,0,0,0,0,0,Cambridge_Consent_photographs2.txt,0,0,0,0,0,0,0,5,0,0,0,0,0,0,0,0,0,0,0,0,0,0,0,0,0,0,0,0,167
482,0,0,0,1,0,2,2,0,0,Cambridge_Consent_Implant.txt,1,1,0,1,0,0,0,37,0,0,0,0,0,0,0,0,0,2,0,0,0,0,0,0,0,1,3,0,702
483,0,0,0,20,3,4,1,0,0,Tillamook Regional Medical Center_Consent for Blood Transfusion.txt,0,0,0,0,0,0,0,28,0,0,0,0,0,0,0,0,0,1,0,0,0,0,2,0,0,0,8,0,539
484,1,0,0,1,0,0,0,0,0,ICS_Line Insertion.txt,0,0,0,0,0,0,0,17,0,0,0,0,0,0,0,0,0,0,0,0,0,0,1,0,0,0,9,0,392
485,0,0,0,0,0,2,2,0,0,Consent for Voluntary Treatment.txt,2,0,0,0,0,0,0,5,0,0,0,0,0,0,0,0,0,0,0,0,2,0,0,0,0,0,2,0,314
486,2,0,0,1,1,3,0,0,0,Copy of Icahn School of Medicine at Mount Sinai_Counsyl-Consent.txt,0,0,0,0,0,0,0,75,0,0,0,1,0,0,1,0,0,1,0,0,1,0,0,0,0,0,4,0,1427
487,3,0,0,106,3,13,6,0,0,Halifax_Health_surgicalconsent_with_blood.txt,9,0,0,0,0,0,0,200,0,0,0,0,0,0,0,0,0,6,0,0,0,0,7,0,0,1,11,0,3580
488,0,0,0,3,0,2,0,0,0,Greenwich_Central_School_District_HEPATITIS_B_VACC.txt,1,0,0,0,0,0,0,18,0,0,0,0,0,0,0,0,0,1,0,0,0,0,1,0,0,0,6,0,446
489,0,0,0,0,0,1,1,0,0,Cambridge_Consent_tmjtherapy.txt,1,0,0,0,0,0,0,44,0,0,0,0,0,0,0,0,0,1,0,0,1,0,1,0,0,1,0,0,666
490,0,0,0,3,0,1,1,0,0,Kroger_Universal Vaccination Consent 2015.txt,1,0,0,0,0,0,0,55,0,0,0,0,0,0,0,0,0,1,0,0,0,0,0,0,0,0,3,0,765
491,0,0,0,0,3,3,0,0,0,Onconto_County_WI_Vaccine_Consent_Form.txt,0,0,0,0,0,0,0,10,0,0,0,0,0,0,0,0,0,0,0,0,0,0,0,0,0,0,2,0,471
492,3,0,0,0,1,2,1,0,0,New York City Health and Hospitals Corporation_HIVTestingConsentKCH.txt,0,0,0,0,0,0,0,18,0,0,0,0,0,0,0,0,0,1,0,0,0,0,0,0,0,0,2,0,351
493,0,0,0,4,0,0,0,0,0,Palm Beach OBGYN_Obstetric Consent.txt,0,0,0,0,0,0,0,62,0,0,0,0,0,0,0,0,0,3,0,0,0,0,3,0,0,0,3,0,958
494,0,0,0,0,1,3,0,0,0,Nova_Scotia_Department_of_Health_and_Wellness_Scho.txt,0,0,0,0,0,0,0,10,0,0,0,0,0,0,0,0,0,0,0,0,0,0,0,0,0,0,1,0,569
495,0,0,0,0,0,2,1,0,0,Sunrise_Medical+Immobilization+(Papoose).txt,0,0,0,0,0,0,0,13,0,0,0,1,0,0,0,0,0,1,0,0,0,0,0,0,0,0,0,0,252
496,0,0,0,1,0,2,2,0,0,Cambridge_Consent_general2.txt,0,0,0,0,0,0,0,19,0,0,0,0,0,0,0,0,0,0,0,0,0,0,0,0,0,1,2,0,420
497,0,0,0,15,2,3,1,0,0,University Hospitals of Leicester_consent for blood tx.txt,0,0,0,0,0,0,0,572,0,0,0,0,0,0,0,0,0,0,0,0,0,0,0,0,0,0,2,0,378
498,0,0,0,0,0,1,1,0,0,Cambridge_Consent_ivsedation2.txt,3,0,0,0,0,0,0,43,0,0,0,0,0,0,0,0,0,1,0,0,0,0,0,0,0,1,2,0,420
499,0,0,0,6,0,0,0,0,0,ColonoscopyEsophagogastroduodenoscopy_Redacted.txt,0,0,0,0,0,0,0,105,0,0,0,0,0,0,0,0,0,3,1,0,0,0,0,1,1,0,8,0,949
500,4,2,0,7,2,3,0,0,0,New York City Health and Hospitals Corporation_ConsentForm-ArterialLine.txt,3,0,0,0,0,0,0,33,0,0,0,0,0,0,0,0,0,2,0,0,0,0,0,0,0,2,3,0,804
501,1,0,0,1,0,0,0,0,0,MedCross_MRI-CONTRAST-CONSENT-FORM.txt,2,0,0,0,0,0,0,34,0,0,0,0,0,0,0,0,0,0,0,0,0,0,0,0,0,1,1,0,427
502,0,0,0,0,1,4,0,0,0,Queensland_AUSTRALIA_Immunization_Consent_Form_HPV.txt,0,0,0,0,0,0,0,16,0,0,0,0,0,0,0,0,0,0,0,0,0,0,0,0,0,0,5,0,630
503,0,0,0,0,1,4,1,0,0,Hastings and Prince Edward Counties_Imm82HPVconsent.txt,0,0,0,0,0,0,0,59,0,0,0,0,0,0,0,0,0,3,0,0,0,0,2,0,0,0,3,0,901
504,0,0,0,0,0,0,0,0,0,Cambridge_Xray_Refusal_Waiver.txt,0,0,0,0,0,0,0,6,0,0,0,0,0,0,0,0,0,0,0,0,0,0,0,0,0,0,1,0,152
505,0,0,0,0,0,1,1,0,0,DECK DENTISTRY_Consent for Endodontic Treatment (Root Canal).txt,0,0,0,0,0,0,0,12,0,0,0,0,0,0,0,0,0,1,0,0,0,0,1,0,0,0,4,0,241
506,0,0,0,5,0,2,2,0,0,PeachTree_Anesth Serv Consent Form.txt,0,0,0,0,0,0,0,15,0,0,0,0,0,0,0,0,0,0,0,0,0,0,0,0,0,0,4,0,451
507,1,0,0,2,0,3,3,0,0,NCSC_patient-consent-on-Admission (1).txt,0,0,0,0,0,0,0,52,0,0,0,0,0,0,0,0,0,0,0,0,0,0,0,0,0,0,10,0,1259
508,0,0,0,0,0,1,1,0,0,UIowa_Consent-for-Complete-Dentures.txt,1,0,0,0,0,0,0,41,0,0,0,0,0,0,0,0,0,9,1,0,0,0,2,0,0,1,7,0,820
509,0,0,0,1,0,1,1,0,0,Melbourne Radiology_mri-consentform-2016.txt,2,0,0,0,0,0,0,99,0,0,0,0,0,0,0,0,0,5,1,0,0,0,4,0,0,0,0,0,1455
510,0,0,0,0,0,0,0,0,0,Virginia_Institute_of_Marine_Science_Parental_Gaur.txt,1,0,0,0,0,0,0,5,0,0,0,1,0,0,1,0,0,1,0,0,0,0,0,0,0,0,0,0,126
511,0,0,0,4,0,7,5,0,0,Kaleida Health_Med and Surg treatment consent.txt,3,0,0,0,0,0,0,36,0,0,0,0,0,0,0,0,0,1,0,0,0,0,0,0,0,2,11,0,1038
512,4,0,2,1,1,7,3,1,0,CHMC_Annual Medical Care Consent  Financial Responsibility Agreement.txt,1,1,0,0,0,1,0,95,0,0,0,0,0,0,0,0,0,6,2,0,0,0,0,0,0,1,16,0,1843
513,1,0,0,6,2,13,3,5,1,adult_WES_consent.txt,5,0,0,0,0,0,0,274,0,0,0,0,0,0,0,0,0,11,3,0,0,0,14,2,2,0,14,0,5327
514,2,0,0,3,0,2,0,0,0,UPenn_picc_consent.txt,0,0,0,0,0,0,0,33,0,0,0,0,0,0,0,0,0,1,0,0,0,0,1,0,0,0,3,0,820
515,2,0,0,2,0,2,0,0,0,University_of_Pennsylvania_Health_System_paracente.txt,0,0,0,0,0,0,0,27,0,0,0,0,0,0,0,0,0,0,0,0,0,0,0,1,1,1,3,0,634
516,0,0,0,0,1,3,2,0,0,BROOKLYNPERIODONTICS_Consent for ImplantConsent.txt,1,0,0,0,0,0,0,68,0,0,0,2,0,0,1,0,0,1,0,0,1,0,0,0,0,7,11,0,999
517,1,0,0,0,0,0,0,0,0,Cambridge_Consent_general1.txt,2,1,0,0,0,0,0,51,0,0,0,0,0,0,0,0,0,3,0,0,0,0,0,0,0,2,23,0,782
518,0,0,0,3,0,1,1,0,0,OU_Induction_consent-form.txt,0,0,0,0,0,0,0,26,0,0,0,0,0,0,0,0,0,3,1,0,0,0,0,0,0,0,9,0,574
519,0,0,0,0,1,4,0,0,0,Queensland_AUSTRALIA_ Immunization Consent Form HPV and TDaP (1).txt,0,0,0,0,0,0,0,16,0,0,0,0,0,0,0,0,0,0,0,0,0,0,0,0,0,0,5,0,488
520,0,0,0,12,1,5,3,0,0,Highland_Hospital_Device_Implant_Consent.txt,0,0,0,0,0,0,0,39,0,0,0,0,0,0,0,0,0,5,0,0,0,0,0,0,0,4,6,0,1004
521,3,0,0,0,2,16,6,3,0,CORHIM-0064 2 2016 with page numbers.txt,0,2,0,1,0,1,0,62,0,0,0,0,0,0,0,0,0,3,1,0,0,0,0,0,0,0,18,0,1720
522,0,0,0,0,1,5,3,0,0,Absolute_Balance_Acupuncture.txt,1,0,0,0,0,0,0,31,0,0,0,0,0,0,0,0,0,0,0,0,0,0,0,0,0,0,11,0,637
523,0,0,0,0,2,2,0,0,0,HSE_Ireland_Influenza_Vaccine_Consent_Form.txt,0,1,0,0,1,0,0,7,0,0,0,0,0,0,0,0,0,0,0,0,0,0,0,0,0,0,1,0,178
524,0,0,0,0,0,0,0,0,0,Cambridge_Consent_ivsedation1.txt,1,0,0,0,0,0,0,15,0,0,0,0,0,0,0,0,0,0,0,0,0,0,1,0,0,0,2,0,187
525,4,0,2,1,1,7,3,1,0,CHMC_Annual Medical Care Consent  Financial Responsibility Agreement (1).txt,1,1,0,0,0,1,0,95,0,0,0,0,0,0,0,0,0,6,2,0,0,0,0,0,0,1,16,0,1843
526,0,0,0,3,0,1,1,0,0,Kroger_Universal_Vaccination_Consent_2015.txt,1,0,0,0,0,0,0,55,0,0,0,0,0,0,0,0,0,1,0,0,0,0,0,0,0,0,3,0,836
527,0,0,0,1,1,1,0,0,0,Kings_Daughters_Medical_Center_Clinic_6th_grade_ph.txt,1,0,0,0,0,0,0,18,0,0,0,1,0,0,1,0,0,0,0,0,0,0,0,0,0,0,2,0,569
528,0,0,0,0,0,1,0,0,0,Believe_Midwifery_PROM-Informed-Consent-Form.txt,0,0,0,0,0,0,0,165,0,0,0,0,0,0,0,0,0,1,0,0,0,0,6,0,0,0,4,0,2520
529,0,0,0,3,0,1,1,1,0,Kansas Immunization Program_Vaccine Documenation Consent Form.txt,0,0,0,0,0,0,0,49,0,0,0,0,0,0,0,0,0,0,0,0,0,0,0,0,0,0,1,0,496
530,0,0,0,0,0,0,0,0,0,Best Natural Smile_General-Dentistry-Consent-Form.txt,3,0,0,0,0,0,0,61,0,0,0,0,0,0,0,0,0,5,0,0,0,0,0,0,0,1,20,0,14
531,0,0,0,0,1,4,2,0,0,Halton_HPV Grade 7 Male.txt,0,0,0,0,0,0,0,33,0,0,0,0,0,0,0,0,0,1,1,0,0,0,0,0,0,0,0,0,575
532,0,0,0,4,2,4,1,0,0,Matilda_International_Hospital_Consent_for_Surgica.txt,0,0,0,0,0,0,0,25,0,0,0,0,0,0,0,0,0,0,0,0,0,0,0,0,0,1,3,0,507
533,0,0,0,0,0,1,1,0,0,Sunrise_Extraction+Consent.txt,0,0,0,0,0,0,0,27,0,0,0,1,0,0,1,0,0,0,0,0,1,0,0,0,0,3,9,0,507
534,0,0,0,1,0,2,1,0,0,Sunrise_Consent+for+Dental+Treatment+Under+Anesthesia.txt,0,0,0,0,0,0,0,19,0,0,0,0,0,0,0,0,0,0,0,0,0,0,0,0,0,0,7,0,298
535,0,0,0,16,3,10,4,0,0,THE_VALLEY_HOSPITAL_Surgical_Consent_Form.txt,2,0,0,0,0,0,0,92,0,0,0,0,0,0,0,0,0,1,0,0,0,0,0,5,5,5,11,0,1135
536,0,0,0,0,1,1,0,0,0,HealthHub_Form_HPV_Vaccination_Consent.txt,0,0,0,0,0,0,0,2,0,0,0,0,0,0,0,0,0,0,0,0,0,0,0,0,0,0,0,0,98
537,0,0,0,0,0,1,0,0,0,Cambridge_Consent_postsandretentionpins.txt,0,0,0,0,0,0,0,36,0,0,0,0,0,0,0,0,0,3,1,0,0,0,1,0,0,6,0,0,722
538,0,0,0,1,0,6,4,0,0,Artistic Dentistry_Implant-informed-consent.txt,0,0,0,0,0,0,0,57,0,0,0,0,0,0,0,0,0,2,1,0,0,0,0,0,0,0,8,0,780
539,0,0,0,1,0,1,1,0,0,INOVA HEALTH SYSTEM_Surgery with Blood Consent.txt,0,0,0,0,0,0,0,25,0,0,0,0,0,0,0,0,0,0,0,0,0,0,0,0,0,1,6,0,387
540,1,0,0,3,0,1,0,0,0,Tufts Medical Center_genetic consent form v2.txt,0,0,0,0,0,0,0,24,0,0,0,0,0,0,0,0,0,0,0,0,0,0,1,0,0,0,3,0,386
541,0,0,0,12,0,5,0,0,0,Queensland Health_Coronary Angio and stending Consent From.txt,1,0,0,0,0,0,0,14259,0,0,0,0,0,0,0,0,0,7,0,0,0,0,3,0,0,1,5,0,1832
542,0,0,0,0,0,0,0,0,0,Cambridge_Consent_oralsurgery11.txt,0,0,0,0,0,0,0,29,0,0,0,0,0,0,0,0,0,2,0,0,0,0,1,0,0,0,4,0,291
543,0,0,0,13,0,11,3,0,0,informed-consent-central-line-patient.txt,1,0,0,0,0,0,0,51,0,0,0,0,0,0,0,0,0,1,0,0,0,0,0,0,0,1,12,0,1023
544,1,0,0,0,1,1,0,0,0,Cambridge_Consent_oralsurgery10.txt,0,0,0,0,0,0,0,6,0,0,0,0,0,0,0,0,0,0,0,0,0,0,0,0,0,0,4,0,200
545,4,0,0,16,1,4,3,1,0,RequestAndConsentToDentalRestorationsAndOrExtractions_Redacted.txt,2,0,0,0,0,0,0,139,1,0,0,2,0,0,0,0,0,2,0,0,0,0,0,3,3,20,16,0,2267
546,0,0,0,0,0,0,0,0,0,National Network for Oral Health Access_Restraint-Consent-ENG.txt,0,0,0,0,0,0,0,9,1,0,0,1,0,0,0,0,0,1,0,0,0,0,0,0,0,0,7,0,291
547,0,0,0,0,0,5,0,0,0,Toronto Public Health_School Vaccination Consent Form.txt,0,0,0,0,0,0,0,39,0,0,0,0,0,0,0,0,0,0,0,0,0,0,0,0,0,0,5,0,601
548,0,0,0,3,0,0,0,1,0,Maddison_ovulation_induction.txt,3,0,0,0,0,0,0,79,0,0,0,0,0,0,0,0,0,5,0,0,0,0,2,0,0,0,1,0,1559
549,0,0,0,0,0,0,0,0,0,Cambridge_Consent_nitrousoxide.txt,0,0,0,0,0,0,0,26,1,0,0,1,0,0,0,0,0,0,0,0,0,0,0,0,0,0,2,0,352
550,0,0,0,0,0,0,0,0,0,Methodist Health System_MRISCREEN.txt,1,0,0,0,0,0,0,11,0,0,0,0,0,0,0,0,0,0,0,0,0,0,0,0,0,1,1,0,330
551,1,0,0,0,0,1,0,0,0,Mater misericonrdiae_ IRELAND_MRI-Saftey-Questionnaire.txt,0,0,0,0,0,0,0,7,0,0,0,0,0,0,0,0,0,0,0,0,0,0,0,0,0,0,0,0,279
552,3,0,0,4,2,5,0,4,0,Copy of Athena Diagnostics_NeuromeConsent.txt,1,0,0,0,0,0,0,137,0,0,0,1,0,0,1,0,0,1,0,0,0,0,1,9,3,2,5,1,2986
553,0,0,0,4,2,4,1,0,0,Matilda International Hospital_Consent for SurgicalProcedureBlood.txt,0,0,0,0,0,0,0,25,0,0,0,0,0,0,0,0,0,0,0,0,0,0,0,0,0,1,3,0,462
554,0,0,0,0,0,0,0,0,0,National Network for Oral Health Access_Periodontal-Treatment-Refusal-Form.txt,0,0,0,0,0,0,0,3,0,0,0,0,0,0,0,0,0,0,0,0,0,0,1,0,0,0,1,0,72
555,0,0,0,0,1,2,1,0,0,National Network for Oral Health Access_Oral-Surgery-Consent-ENG.txt,0,0,0,0,0,0,0,33,1,0,0,2,0,0,0,0,0,1,0,0,1,0,0,0,0,0,5,0,368
556,0,0,0,36,3,11,5,0,0,Valley Hosptial_Consent for OB Deliveries-Rev. 2-06.txt,5,0,0,0,0,0,0,193,0,0,0,0,0,0,0,0,0,6,0,0,0,0,2,3,0,1,7,0,2890
557,0,0,0,0,0,0,0,0,0,Cambridge_Consent_splinttreatment.txt,0,0,0,0,0,0,0,42,0,0,0,0,0,0,0,0,0,1,0,0,0,0,2,0,0,0,1,0,874
558,0,0,0,0,0,2,2,0,0,c_084664.txt,2,0,0,0,0,0,0,5,0,0,0,0,0,0,0,0,0,0,0,0,2,0,0,0,0,0,2,0,314
559,1,0,0,3,0,8,3,3,0,Copy of UTSouthwestern_patient-consent-for-ngs-form.txt,0,0,0,0,0,0,0,62,0,0,0,0,0,0,0,0,0,4,0,0,0,0,3,5,2,7,14,0,1425
560,0,0,0,12,2,7,4,0,0,INOVA_HEALTH_SYSTEM_Surgery_with_Blood_Consent.txt,0,0,0,0,0,0,0,59,0,0,0,0,0,0,0,0,0,1,0,0,0,0,0,0,0,1,13,0,975
561,0,0,0,0,1,3,0,0,0,Texas HHS_Addendum to HPV Vaccine Consent (1).txt,0,0,0,0,0,0,0,29,1,0,0,1,0,0,0,0,0,0,0,0,0,0,0,0,0,0,0,0,304
562,0,0,0,0,1,1,0,0,0,Cambridge_Consent_oralsurgery12.txt,0,0,0,0,0,0,0,15,1,0,0,1,0,0,0,0,0,4,0,0,0,0,1,0,0,0,1,0,245
563,1,0,0,7,0,6,1,0,0,Hartford Hospital_Arterial-CVC-PA Catheter Consent.txt,0,0,0,0,0,0,0,44,0,0,0,0,0,0,0,0,0,2,0,0,0,0,1,2,2,0,7,0,1018
564,0,0,0,0,0,2,1,0,0,Seattle Health_acupuncture consent form.txt,1,0,0,0,0,0,0,23,0,0,0,0,0,0,0,0,0,1,0,0,0,0,1,0,0,2,1,0,365
565,2,0,0,1,1,4,1,1,0,Ambulatory_Consent_Form.txt,0,0,0,0,0,0,0,52,0,0,0,0,0,0,0,0,0,4,0,0,1,1,1,0,0,0,15,0,1753
566,0,0,0,0,0,0,0,0,0,Cambridge_Consent_financialliabilityrelease.txt,0,1,0,0,0,1,0,7,0,0,0,0,0,0,0,0,0,0,0,0,0,0,0,0,0,0,1,0,352
567,0,0,0,0,1,1,0,0,0,Evansville Pediatric_SurgeryConsent.txt,0,0,0,0,0,0,0,29,0,0,0,1,0,0,1,0,0,0,0,0,0,0,0,0,0,0,1,0,236
568,0,0,0,0,0,1,1,0,0,Family_Medicine_Specialists_PC_flu_shot_consent_20.txt,0,0,0,0,0,0,0,308,0,0,0,0,0,0,0,0,0,0,0,0,0,0,1,0,0,0,1,0,211
569,0,0,0,0,0,1,1,0,0,Cambridge_Consent_silveramalgam.txt,0,0,0,0,0,0,0,32,0,0,0,0,0,0,0,0,0,2,1,0,0,0,2,0,0,2,1,0,535
570,0,0,0,1,0,0,0,0,0,Costco_Immunization_consent_form_2012_.txt,0,0,0,0,0,0,0,435,0,0,0,0,0,0,0,0,0,0,0,0,0,0,1,0,0,0,1,0,973
571,0,0,0,4,0,7,5,0,0,Copy of Kaleida Health_Med and Surg treatment consent.txt,3,0,0,0,0,0,0,36,0,0,0,0,0,0,0,0,0,1,0,0,0,0,0,0,0,2,11,0,1038
572,0,0,0,0,0,1,1,0,0,Evansville Pediatric_SedationConsent.txt,0,0,0,0,0,0,0,25,0,0,0,0,0,0,0,0,0,2,0,0,0,0,0,0,0,0,5,0,335
573,0,0,0,0,0,0,0,0,0,National Network for Oral Health Access_Endodontic-Treament-English.txt,0,0,0,0,0,0,0,20,0,0,0,0,0,0,0,0,0,4,0,0,0,0,1,0,0,0,3,0,318
574,0,0,0,1,0,2,2,0,0,Cambridge_Consent Implant.txt,1,1,0,1,0,0,0,37,0,0,0,0,0,0,0,0,0,2,0,0,0,0,0,0,0,1,3,0,702
575,0,0,0,0,1,3,0,0,0,Texas HHS_Addendum to HPV Vaccine Consent.txt,0,0,0,0,0,0,0,29,1,0,0,1,0,0,0,0,0,0,0,0,0,0,0,0,0,0,0,0,304
576,3,0,0,3,1,10,7,0,0,SparrowLansing_medicalconsent.txt,1,0,0,0,0,0,0,36,0,0,0,0,0,0,0,0,0,1,0,0,0,0,2,1,1,1,13,0,907
577,1,0,0,22,4,19,3,0,0,SOUTHAMPTON UNIVERSITY HOSPITALS NHS TRUST_JehovahsWitnessesBloodTransfusion.txt,2,0,0,0,0,0,0,700,0,0,0,0,0,0,0,0,0,0,0,0,0,0,14,0,0,0,1,0,1093
578,4,2,0,2,2,3,0,0,0,New York City Health and Hospitals Corporation_Consent_CT_with_contrast.txt,3,0,0,0,0,0,0,33,0,0,0,0,0,0,0,0,0,2,0,0,0,0,0,0,0,1,3,0,799
579,4,0,0,17,2,11,4,1,0,OrthopaedicSurgeryProcedureWithPhotoConsent_Redacted.txt,5,0,0,0,0,0,0,170,1,0,0,4,0,0,1,0,0,3,0,0,0,0,0,3,3,21,21,0,2828
580,0,0,0,7,1,5,2,0,0,The_American_College_of_Surgeons_Appendectomy-Note.txt,0,0,0,0,0,0,0,195,0,0,0,0,0,0,0,0,0,4,3,0,0,0,4,0,0,5,5,0,2148
581,2,0,0,0,0,0,0,0,0,DRI Radiology_History and Consent Form_MRI Exam_ENGLISH.txt,0,0,0,0,0,0,0,787,0,0,0,0,0,0,0,0,0,0,0,0,0,0,1,0,0,1,1,0,1665
582,0,0,0,1,0,3,3,0,0,Tischler_ConsentForDentalTx.txt,0,0,0,0,0,0,0,23,0,0,0,0,0,0,0,0,0,0,0,0,0,0,0,0,0,0,2,0,441
583,1,0,0,14,5,12,0,19,0,Iowa Institute of Human Genetics_Consent for Clinical DNA Sequencing FINAL Version.txt,2,0,0,0,0,0,0,191,3,0,0,5,0,0,2,0,0,4,0,0,0,0,6,0,0,3,6,0,3027
584,1,0,0,1,0,2,1,0,0,CarePoint_health-and-consent-adults-2017.txt,0,0,0,0,0,0,0,33,0,0,0,0,0,0,0,0,0,0,0,0,0,0,0,0,0,0,5,0,644
585,2,0,0,0,2,8,3,0,0,H0065Consents.txt,6,1,0,0,0,1,0,90,2,0,0,2,0,0,0,0,0,6,1,0,0,0,0,0,0,0,15,0,1915
586,1,0,0,0,0,2,1,0,0,Cambridge_Consent_amalgamreplace.txt,0,0,0,0,0,0,0,79,0,0,0,0,0,0,0,0,0,1,0,0,0,0,0,0,0,0,6,0,576
587,0,0,0,0,0,2,0,0,0,Cambridge_Consent_nitrous_oxide_2.txt,2,0,0,0,0,0,0,32,0,0,0,0,0,0,0,0,0,0,0,0,0,0,1,0,0,0,1,0,479
588,4,0,0,13,1,5,0,0,0,University of Colorado Health_Informed-Consent-for-Operation-or-Procedure.txt,0,0,0,0,0,0,0,40,0,0,0,0,0,0,0,0,0,0,0,0,0,0,1,0,0,4,5,0,798
589,0,0,0,1,3,6,0,0,0,Emory Genetics Laboratory_molecular-testing-consent-form.txt,1,0,0,0,0,0,0,48,0,0,0,0,0,0,0,0,0,2,0,0,0,0,0,0,0,0,2,0,687
590,0,0,0,7,0,10,8,0,0,JFK Medical Center_Consent-for-Open-Heart-Surgery.txt,0,0,0,0,0,0,0,35,0,0,0,0,0,0,0,0,0,3,1,0,0,0,3,0,0,1,8,0,810
591,1,0,0,3,0,4,2,0,0,Summit_consent-admit_treat.txt,0,0,0,0,0,0,0,26,0,0,0,1,0,0,0,0,0,1,0,0,0,0,0,1,0,1,3,0,682
592,0,0,0,0,0,1,1,0,0,Family Medicine Specialists PC_flu shot consent 2017.txt,0,0,0,0,0,0,0,302,0,0,0,0,0,0,0,0,0,0,0,0,0,0,1,0,0,0,1,0,186
593,0,0,0,4,0,5,2,0,0,Copy of Illumina_Patient Informed Consent.txt,1,0,0,0,0,0,0,115,0,0,0,0,0,0,0,0,0,5,0,0,0,0,6,0,0,2,1,0,1399
594,0,0,0,1,1,1,0,0,0,Lexington Clinic_MRI PatientConsent.txt,1,0,0,0,0,0,0,17,0,0,0,0,0,0,0,0,0,0,0,0,0,0,0,0,0,0,2,0,347
595,0,0,0,0,0,1,1,0,0,Cambridge_Consent maxillarysinuselevation.txt,0,0,0,0,0,0,0,48,0,0,0,0,0,0,0,0,0,1,0,0,0,0,0,0,0,2,5,0,957
596,1,0,0,1,0,1,1,0,0,CarePoint_health-and-consent-peds-2017.txt,0,0,0,0,0,0,0,37,0,0,0,0,0,0,0,0,0,0,0,0,0,0,0,0,0,0,5,0,682
597,1,0,0,0,2,2,0,0,0,humanitarian-use-device-clinical-consent-1347568328.txt,0,0,0,0,0,0,0,24,0,0,0,0,0,0,0,0,0,0,0,0,0,0,3,0,0,0,1,0,550
598,0,0,0,0,0,0,0,0,0,National Network for Oral Health Access_Extraction-of-Teeth-1-English.txt,0,0,0,0,0,0,0,16,0,0,0,0,0,0,0,0,0,0,0,0,0,0,0,0,0,0,0,0,220
599,0,0,0,0,0,0,0,0,0,Midwife_Refusal_of_Induction_at_42_weeks.txt,0,0,0,0,0,0,0,32,0,0,0,0,0,0,0,0,0,0,0,0,0,0,0,0,0,0,2,0,420
600,0,0,0,1,0,1,1,0,0,Cambridge_Consent_apicoectomiesandapicalsurgery.txt,4,0,0,0,0,0,0,39,0,0,0,0,0,0,0,0,0,1,0,0,0,0,4,0,0,3,0,0,699
601,2,0,0,0,2,8,3,0,0,Hospice_Consent to treat.txt,6,1,0,0,0,1,0,90,2,0,0,2,0,0,0,0,0,6,1,0,0,0,0,0,0,0,15,0,1915
602,0,0,0,0,0,1,0,0,0,Mt-Carmel-East_consent-scheduling_induction.txt,3,0,0,0,0,0,0,30,0,0,0,0,0,0,0,0,0,0,0,0,0,0,0,0,0,0,1,0,856
603,0,0,0,4,7,12,0,0,0,Pomona_Valley_consent_for_induction_filled_out_.txt,8,0,0,0,0,0,0,463,0,0,0,0,0,0,0,0,0,7,1,0,0,0,8,1,0,0,2,0,5585
604,4,0,0,3,4,7,1,3,0,MARIJUANA_DOCTORS_medical-marijuana-consent-form_1.txt,4,0,0,0,0,0,0,118,0,0,0,0,0,0,0,0,0,3,0,0,0,0,3,0,0,0,5,0,2094
605,0,0,0,0,0,2,0,0,0,UIowa_Auth-Release-PHI.txt,0,0,0,0,0,0,0,12,0,0,0,1,0,0,0,0,0,0,0,0,0,0,0,0,0,0,1,0,203
606,0,0,0,0,0,1,1,0,0,Artistic Dentistry_Root-canal-informed-consent.txt,0,0,0,0,0,0,0,38,0,0,0,0,0,0,0,0,0,3,0,0,1,0,1,0,0,0,6,0,485
607,1,0,0,0,0,0,0,0,0,Cambridge_Consent_endodontics10.txt,0,0,0,0,0,0,0,47,0,0,0,0,0,0,0,0,0,0,0,0,0,0,0,0,0,3,1,0,620
608,0,0,0,0,0,0,0,0,0,DECK DENTISTRY_New Patient Registration and Consent Form.txt,0,0,0,0,0,0,0,10,0,0,0,0,0,0,0,0,0,0,0,0,0,0,0,0,0,0,0,0,226
609,0,0,0,0,1,1,0,0,0,NHS_United_Kingdom_HPV_Vaccine_Consent_Form.txt,0,0,0,0,0,0,0,11,0,0,0,0,0,0,0,0,0,0,0,0,0,0,1,0,0,0,0,0,278
610,0,0,0,0,0,0,0,0,0,Sunrise_Crown+Choice+Consent.txt,0,0,0,0,0,0,0,12,0,0,0,0,0,0,0,0,0,0,0,0,0,0,0,0,0,0,7,0,245
611,0,0,0,0,3,3,0,0,0,Onconto County WI_Vaccine Consent Form.txt,0,0,0,0,0,0,0,10,0,0,0,0,0,0,0,0,0,0,0,0,0,0,0,0,0,0,2,0,362
612,0,0,0,0,0,1,1,0,0,Illinois Bone and Joint Institute_MRI-Consent-form.txt,1,0,0,0,0,0,0,22,0,0,0,0,0,0,0,0,0,0,0,0,0,0,0,0,0,0,1,0,454
613,0,0,0,0,0,0,0,0,0,Cambridge_Consent_periodontaltherapy.txt,1,0,0,0,0,0,0,20,0,0,0,1,0,0,1,0,0,1,0,0,0,0,1,0,0,1,1,0,320
614,0,0,0,0,0,5,3,0,0,NCH_Consent upon admission.txt,0,0,0,0,0,0,0,34,0,0,0,0,0,0,0,0,0,3,1,0,0,0,0,0,0,0,5,0,548
615,0,0,0,0,0,3,0,0,0,PremiereScan_MRI Consent Form.txt,1,0,0,0,0,0,0,28,0,0,0,1,0,0,1,0,0,0,0,0,0,0,2,0,0,0,4,0,438
616,0,0,0,0,0,0,0,0,0,National Network for Oral Health Access_ENDO-Consent-Form-ENG.txt,0,0,0,0,0,0,0,33,0,0,0,0,0,0,0,0,0,4,0,0,0,0,0,0,0,0,2,0,445
617,0,0,0,0,1,1,0,0,0,Kings Daughters Medical Center Clinic_hpv consent.txt,1,0,0,0,0,0,0,12,0,0,0,1,0,0,1,0,0,0,0,0,0,0,0,0,0,0,2,0,450
618,1,0,0,0,0,1,1,0,0,Cambridge_Consent_scalingrootplaning1.txt,0,0,0,0,0,0,0,43,0,0,0,0,0,0,0,0,0,5,0,0,0,0,0,0,0,4,0,0,632
619,1,0,0,0,0,2,0,0,0,Artistic Dentistry_Whitening-informed-consent.txt,0,0,0,0,0,0,0,61,0,0,0,0,0,0,0,0,0,0,0,0,0,0,4,0,0,4,17,0,1024
620,0,0,0,0,1,4,1,0,0,Hastings_and_Prince_Edward_Counties_Imm82HPVconsen.txt,0,0,0,0,0,0,0,62,0,0,0,0,0,0,0,0,0,3,0,0,0,0,2,0,0,0,3,0,933
621,1,0,0,0,1,3,1,0,0,Artist Works_General Consent.txt,0,0,0,0,0,0,0,116,0,0,0,0,0,0,0,0,0,0,0,0,0,0,0,0,0,2,11,0,1726
622,2,0,0,4,0,2,0,0,0,Penn Medicine_CVC Informed Consent Document.txt,0,0,0,0,0,0,0,27,0,0,0,0,0,0,0,0,0,0,0,0,0,0,0,1,1,1,3,0,730
623,0,0,0,0,0,0,0,0,0,AllianceforDentalCare_updatedendoconsentform.txt,0,0,0,0,0,0,0,34,0,0,0,0,0,0,0,0,0,2,0,0,1,0,0,0,0,0,3,0,398
624,0,0,0,2,0,0,0,0,0,Mid America Imaging_MRI Joint-Consent.txt,1,0,0,0,0,0,0,15,0,0,0,0,0,0,0,0,0,0,0,0,0,0,0,0,0,0,1,0,570
625,0,0,0,0,1,4,2,0,0,Halton_HPV_Grade_7_Male.txt,0,0,0,0,0,0,0,31,0,0,0,0,0,0,0,0,0,1,1,0,0,0,0,0,0,0,0,0,608
626,1,0,0,7,2,13,3,5,1,adult_CCGP_consent.txt,4,0,0,0,0,0,0,248,0,0,0,0,0,0,0,0,0,10,3,0,0,0,12,2,2,0,13,0,6188
627,0,0,0,21,1,3,0,0,0,fvfiles_consent for blood.txt,2,0,0,0,0,0,0,69,0,0,0,0,0,0,0,0,0,0,0,0,0,0,0,0,0,0,1,0,809
628,0,0,0,0,0,0,0,0,0,ZYSIK FAMILY DENTAL_GENERAL DENTISTRY CONSENT FORM.txt,2,0,0,0,0,0,0,53,0,0,0,0,0,0,0,0,0,2,0,0,0,0,0,0,0,3,0,0,698
629,0,0,0,0,2,2,0,0,0,HSE Ireland_Influenza Vaccine Consent Form.txt,0,1,0,0,1,0,0,7,0,0,0,0,0,0,0,0,0,0,0,0,0,0,0,0,0,0,1,0,141
630,3,0,0,3,0,14,10,0,1,AdmissionConsentForm (2).txt,0,8,1,1,0,3,0,157,0,0,0,0,0,0,0,0,0,6,1,0,3,0,1,1,1,0,23,0,3576
631,0,0,0,0,0,0,0,0,0,Refusal_to_Consent_to_Vaccinate_Child_Adoles_Redacted.txt,0,0,0,0,0,0,0,14,0,0,0,0,0,0,0,0,0,0,0,0,0,0,1,0,0,0,2,0,290
632,0,0,0,1,0,5,2,0,0,Mayo Clinic_Informed Consent for Genetic Testing.txt,0,0,0,0,0,0,0,45,0,0,0,0,0,0,0,0,0,0,0,0,0,0,0,4,0,1,8,0,710
633,0,0,0,1,0,0,0,0,0,St Josephs_MRI IV Contrast Questionaire - English.txt,0,0,0,0,0,0,0,22,0,0,0,0,0,0,0,0,0,3,0,0,0,0,0,0,0,0,0,0,510
634,0,0,0,0,0,1,1,0,0,Sunrise_Sealant+Consent.txt,0,0,0,0,0,0,0,24,0,0,0,0,0,0,0,0,0,0,0,0,0,0,0,0,0,0,2,0,395
635,0,0,0,0,0,0,0,0,0,Cambridge_Consent_endodontics11.txt,0,0,0,0,0,0,0,30,0,0,0,0,0,0,0,0,0,3,0,0,0,0,1,0,0,0,5,0,483
636,0,0,0,23,1,3,1,0,0,St. Michael_s_Informed consent for blood.txt,1,0,0,0,0,0,0,33,0,0,0,0,0,0,0,0,0,0,0,0,0,0,0,0,0,0,5,0,519
637,0,0,0,0,0,1,1,0,0,Sunrise_Nitrous+Oxide+Consent.txt,0,0,0,0,0,0,0,22,0,0,0,0,0,0,0,0,0,1,0,0,0,0,2,0,0,0,0,0,298
638,0,0,0,1,0,4,4,0,0,Artistic Dentistry_Extraction-informed-consent.txt,0,0,0,0,0,0,0,46,0,0,0,0,0,0,0,0,0,0,0,0,0,0,1,0,0,0,7,0,553
639,0,0,0,0,0,0,0,0,0,DECK DENTISTRY_Consent for Orthodontic Treatment.txt,0,0,0,0,0,0,0,19,0,0,0,0,0,0,0,0,0,0,0,0,0,0,0,0,0,0,1,0,256
640,0,0,0,8,1,2,1,0,0,Caristas_Obstetric-Consent-Form.txt,0,0,0,0,0,0,0,45,0,0,0,0,0,0,0,0,0,10,0,0,0,0,0,0,0,0,1,0,906
641,0,0,0,0,0,0,0,0,0,Tischler_EndodonticTx_RC_.txt,0,0,0,0,0,0,0,32,0,0,0,0,0,0,0,0,0,0,0,0,0,0,0,0,0,0,0,0,171
642,4,0,0,1,1,3,2,1,0,CHMC_Per-Consent-Rev.txt,1,1,0,0,0,1,0,79,0,0,0,0,0,0,0,0,0,4,0,0,0,0,2,0,0,1,21,0,1564
643,0,0,0,7,0,10,8,0,0,Copy of JFK Medical Center_Consent-for-Open-Heart-Surgery.txt,0,0,0,0,0,0,0,35,0,0,0,0,0,0,0,0,0,3,1,0,0,0,3,0,0,1,8,0,810
644,0,0,0,10,1,5,1,0,0,Copy of Animas Surgical_ASHConsent.txt,0,0,0,0,0,0,0,49,0,0,0,0,0,0,0,0,0,1,0,0,0,0,1,0,0,1,3,0,583
645,1,0,0,6,2,6,3,0,0,PeachTree_IVSedationConsentForms.txt,0,0,0,0,0,0,0,157,1,0,0,1,0,0,0,0,0,5,1,0,0,0,1,0,0,0,14,0,1984
646,0,0,0,0,4,4,0,0,0,Kent_Community_Health_Childhood-flu-consent-form-2.txt,2,0,0,0,0,0,0,19,0,0,0,0,0,0,0,0,0,0,0,0,0,0,0,0,0,0,1,0,404
647,1,0,0,14,5,12,0,19,0,Copy of Iowa Institute of Human Genetics_Consent for Clinical DNA Sequencing FINAL Version.txt,2,0,0,0,0,0,0,191,3,0,0,5,0,0,2,0,0,4,0,0,0,0,6,0,0,3,6,0,3027
648,0,0,0,4,0,0,0,0,0,Palm_Beach_OBGYN_Obstetric_Consent.txt,0,0,0,0,0,0,0,62,0,0,0,0,0,0,0,0,0,3,0,0,0,0,3,0,0,0,3,0,965
649,0,0,0,0,0,1,1,0,0,Cambridge_Consent_oralsurgery8.txt,0,0,0,0,0,0,0,15,0,0,0,0,0,0,0,0,0,1,0,0,0,0,0,0,0,1,2,0,316
650,0,0,0,10,2,5,0,0,0,Queensland_medical_imaging_55.txt,3,0,0,0,0,0,0,13084,0,0,0,0,0,0,0,0,0,18,0,0,0,0,7,0,0,2,5,0,2254
651,0,0,0,0,0,0,0,0,0,AllianceforDentalCare_updatedridgepresconsentform.txt,0,0,0,0,0,0,0,71,0,0,0,0,0,0,0,0,0,0,0,0,0,0,0,0,0,1,4,0,768
652,0,0,0,0,2,4,1,0,0,Hartford_consentfordentaltreatment.txt,2,0,0,0,0,0,0,72,0,0,0,0,0,0,0,0,0,3,0,0,2,0,1,0,0,0,10,0,1142
653,0,0,0,0,0,1,1,0,0,General_dental-photography-consent-form.txt,0,0,0,0,0,0,0,4,0,0,0,0,0,0,0,0,0,0,0,0,0,0,0,0,0,0,1,0,107
654,0,0,0,3,0,0,0,1,0,Maddison_ovulation induction.txt,3,0,0,0,0,0,0,79,0,0,0,0,0,0,0,0,0,5,0,0,0,0,2,0,0,0,1,0,1543
655,0,0,0,0,0,2,1,0,0,Kathy Nordgren_Acupuncture.txt,1,0,0,0,0,0,0,64,0,0,0,0,0,0,0,0,0,2,0,0,0,0,0,0,0,1,7,0,800
656,0,0,0,0,1,4,2,0,0,Triangle_Form-Request and Consent for Dental Treatment_ENGLISH.txt,0,0,0,0,0,0,0,53,1,0,0,1,0,0,0,0,0,0,0,0,0,0,2,0,0,1,14,0,751
657,0,0,0,0,0,2,0,0,0,SmileShapers_general_dentistry_informed_consent.txt,3,0,0,0,0,0,0,48,0,0,0,0,0,0,0,0,0,2,0,0,0,0,1,0,0,2,20,0,3
658,0,0,0,3,0,1,0,1,0,Copy of Avera_Informed-Consent-Pharmacogenetics.txt,0,0,0,0,0,0,0,22,0,0,0,0,0,0,0,0,0,0,0,0,0,0,0,1,0,0,5,0,415
659,0,0,0,0,1,1,0,0,0,Cambridge_Consent_oralsurgery9.txt,0,0,0,0,0,0,0,14,0,0,0,1,0,0,1,0,0,0,0,0,0,0,0,0,0,0,3,0,283
660,0,0,0,0,0,0,0,0,0,Schwieterman_Pharmacies_consent-form-hpv-gardasil-.txt,1,0,0,0,0,0,0,12,0,0,0,0,0,0,0,0,0,0,0,0,0,0,0,0,0,0,3,0,478
661,0,0,0,0,0,1,1,0,0,Northwest Missouri State University_Vaccination ConsentFormMMR.txt,0,0,0,0,0,0,0,21,0,0,0,0,0,0,0,0,0,0,0,0,0,0,3,0,0,0,2,0,275
662,0,0,0,0,6,9,0,0,0,Niagra Region_HPV Vaccination Consent Form.txt,2,0,0,0,0,0,0,32,0,0,0,0,0,0,0,0,0,0,0,0,0,0,0,0,0,0,2,0,498
663,1,0,0,6,5,11,1,0,0,Michigan_Informed Consent for Genetic Testing.txt,3,0,0,0,0,0,0,202,0,0,1,1,0,0,0,0,0,3,0,0,0,0,5,0,0,3,10,0,3032
664,0,0,0,0,1,3,1,0,0,States_of_Guernsey_HPV_consent.txt,0,0,0,0,0,0,0,5,0,0,0,0,0,0,0,0,0,0,0,0,0,0,0,0,0,0,2,0,208
665,1,0,0,0,1,3,2,0,0,Lotus Root_Acupuncture.txt,0,0,0,0,0,0,0,27,0,0,0,0,0,0,0,0,0,0,0,0,0,0,0,0,0,0,9,0,461
666,0,0,0,2,1,3,1,0,0,Benzie-Leelanau_District_Health_Department_Immuniz.txt,0,0,0,0,0,0,0,4,0,0,0,0,0,0,0,0,0,0,0,0,0,0,0,0,0,0,0,0,320
667,0,0,0,3,1,2,1,0,0,Rite_Aid_Vaccine_Screening_and_Consent_Form.txt,1,0,0,0,0,0,0,27,0,0,0,0,0,0,0,0,0,1,0,0,0,0,1,0,0,0,1,0,712
668,0,0,0,0,0,1,1,0,0,Cambridge_Consent_CT_scan.txt,0,0,0,0,0,0,0,23,0,0,0,0,0,0,0,0,0,1,0,0,0,0,0,0,0,0,2,0,453
669,4,0,0,16,1,7,3,1,0,GenericConsent_Complete_All-diagrams__Redacted.txt,2,0,0,0,0,0,0,141,1,0,0,2,0,0,0,0,0,2,0,0,0,0,0,3,3,20,16,0,2281
670,0,0,0,1,0,0,0,0,0,National Network for Oral Health Access_Refusal-of-Recommended-Treatment-English.txt,1,1,0,1,0,0,0,13,0,0,0,0,0,0,0,0,0,0,0,0,0,0,0,0,0,0,1,0,268
671,0,0,0,0,1,3,1,1,0,Gene Dx_DNA Testing.txt,0,0,0,0,0,0,0,52,0,0,0,1,0,0,1,0,0,1,0,0,0,0,0,0,0,0,8,0,825
672,0,0,0,0,0,0,0,0,0,DesertPearl Dentistry)Patient Info Sharing Consent.txt,0,0,0,0,0,0,0,1,0,0,0,3,0,0,3,0,0,0,0,0,0,0,0,0,0,0,0,0,75
673,0,0,0,0,0,0,0,0,0,National Network for Oral Health Access_Denture-Treatment-Consent-Form.txt,0,0,0,0,0,0,0,7,0,0,0,0,0,0,0,0,0,1,0,0,0,0,0,0,0,0,1,0,114
674,1,0,0,0,0,1,1,0,0,Sunrise_Whitening+consent.txt,0,0,0,0,0,0,0,15,0,0,0,0,0,0,0,0,0,1,1,0,0,0,2,0,0,1,2,0,204
675,0,0,2,1,0,4,3,0,0,BrushyCreek_AcknowledgementDisclosureConsent.txt,0,0,0,0,0,0,0,28,1,0,0,1,0,0,0,0,0,0,0,0,0,0,0,0,0,0,5,0,802
676,1,0,0,0,1,3,2,0,0,Lotus_Root_Acupuncture.txt,0,0,0,0,0,0,0,27,0,0,0,0,0,0,0,0,0,0,0,0,0,0,0,0,0,0,8,0,528
677,0,0,0,2,1,4,1,0,0,Capitol Region Education Council_Flu Vaccine consent 2016.txt,0,0,0,0,0,0,0,21,0,0,0,0,0,0,0,0,0,0,0,0,0,0,0,0,0,0,4,0,520
678,0,0,0,0,0,0,0,0,0,National Network for Oral Health Access_Extraction-of-Teeth-2-English.txt,0,0,0,0,0,0,0,36,0,0,0,0,0,0,0,0,0,0,0,0,0,0,0,0,0,0,0,0,614
679,5,0,0,2,0,1,1,0,0,DECK DENTISTRY_Consent for Bone Graft Surgery.txt,1,0,0,0,0,0,0,51,0,0,0,0,0,0,0,0,0,1,0,0,0,0,0,0,0,2,7,0,874
680,0,0,0,0,1,1,0,0,0,HealthHub_Form HPV Vaccination Consent.txt,0,0,0,0,0,0,0,2,0,0,0,0,0,0,0,0,0,0,0,0,0,0,0,0,0,0,0,0,83
681,1,0,0,0,1,7,2,0,0,UIowa_Consent-to-email-PHI.txt,2,0,0,0,0,0,0,24,0,0,0,0,0,0,0,0,0,3,0,0,0,0,6,0,0,0,3,0,581
682,1,0,0,17,1,9,0,0,0,Oklahoma_Abortion_Parental_Consent_form.txt,5,0,0,0,0,0,0,168,1,0,0,1,0,0,0,0,0,5,1,0,0,0,7,0,0,7,14,0,2964
683,0,0,0,0,0,1,1,0,0,National Network for Oral Health Access_Treatment-by-Student-English.txt,0,0,0,0,0,0,0,11,0,0,0,0,0,0,0,0,0,1,0,0,0,0,0,0,0,0,1,0,181
684,4,2,0,2,2,3,0,0,0,New York City Health and Hospitals Corporation_IVContrastScanConsentKCH.txt,3,0,0,0,0,0,0,33,0,0,0,0,0,0,0,0,0,2,0,0,0,0,0,0,0,1,3,0,799
685,0,0,0,3,0,5,3,1,0,Health Images_INFORMED CONSENT FOR MRI WITH OR WITHOUT CONTRAST.txt,2,0,0,0,0,0,0,68,0,0,0,0,0,0,0,0,0,2,0,0,4,0,3,0,0,0,9,0,1699
686,0,0,0,0,0,0,0,0,0,Open MRI_MRI Contrast Consent Form.txt,0,0,0,0,0,0,0,6,0,0,0,0,0,0,0,0,0,0,0,0,0,0,0,0,0,0,0,0,152
687,0,0,0,0,0,2,2,0,0,AllianceforDentalCare_updatedimplantconsentform.txt,1,0,0,0,0,0,0,70,0,0,0,2,0,0,1,0,0,0,0,0,0,0,0,0,0,5,10,0,1055
688,3,0,0,3,0,8,5,0,1,OUMed_admission and outpatient.txt,0,5,1,1,0,2,0,149,0,0,0,0,0,0,0,0,0,7,1,0,3,0,1,1,1,0,20,0,3381
689,0,0,0,0,0,1,1,0,0,Cambridge_Consent_occlusal_equilibration.txt,0,0,0,0,0,0,0,9,0,0,0,0,0,0,0,0,0,4,0,0,0,0,0,0,0,0,5,0,400
690,1,0,0,0,4,8,0,2,0,BAYLOR MIRACA GENETICS LABORATORIES_genetictestingconsent0215.txt,1,0,0,0,0,0,0,59,0,0,0,1,0,0,1,0,0,3,0,0,0,0,1,0,0,0,8,1,917
691,1,0,0,3,0,1,0,0,0,_Restrictions_Copy of Tufts Medical Center_genetic consent form v2.txt,0,0,0,0,0,0,0,24,0,0,0,0,0,0,0,0,0,0,0,0,0,0,1,0,0,0,3,0,386
692,0,0,0,0,0,1,1,0,0,Cambridge_Consent_pulpotomy.txt,0,0,0,0,0,0,0,30,0,0,0,0,0,0,0,0,0,0,0,0,0,0,3,0,0,6,0,0,617
693,1,0,0,0,0,1,1,0,0,Cambridge_Consent_compositefillings.txt,0,0,0,0,0,0,0,38,0,0,0,0,0,0,0,0,0,1,0,0,0,0,1,0,0,2,1,0,714
694,0,0,0,0,0,1,0,0,0,Believe Midwifery_PROM-Informed-Consent-Form.txt,0,0,0,0,0,0,0,169,0,0,0,0,0,0,0,0,0,1,0,0,0,0,6,0,0,0,4,0,2517
695,0,0,0,0,1,2,1,0,0,Cambridge_Consent_endodontics9.txt,0,0,0,0,0,0,0,12,0,0,0,0,0,0,0,0,0,3,0,0,0,0,0,0,0,3,7,0,383
696,0,0,0,1,1,5,2,0,0,Equinox_natropath.txt,1,0,0,0,0,0,0,68,0,0,0,0,0,0,0,0,0,4,0,0,0,0,0,0,0,1,12,0,1346
697,0,0,0,4,0,5,2,0,0,Illumina_Patient Informed Consent.txt,1,0,0,0,0,0,0,115,0,0,0,0,0,0,0,0,0,5,0,0,0,0,6,0,0,2,1,0,1399
698,0,0,0,0,0,0,0,0,0,Sunrise_Space+Maintainer+Consent.txt,0,0,0,0,0,0,0,19,0,0,0,0,0,0,0,0,0,0,0,0,0,0,1,0,0,0,2,0,340
699,0,0,0,3,0,0,0,0,0,ART_SCIENCE_Induction_of_labor.txt,0,0,0,0,0,0,0,44,0,0,0,0,0,0,0,0,0,1,0,0,1,0,1,0,0,0,4,0,701
700,0,0,0,4,1,9,0,1,0,RL_Informed Consent for Treatment.txt,3,0,0,0,0,0,0,14,0,0,0,1,0,0,0,0,0,2,0,0,0,0,0,0,0,0,1,0,378
701,0,0,0,0,0,0,0,0,0,National Network for Oral Health Access_Consent-for-Extraction-of-Teeth.txt,0,0,0,0,0,0,0,33,0,0,0,0,0,0,0,0,0,2,0,0,0,0,0,0,0,0,0,0,313
702,0,0,0,3,0,1,1,0,0,They Physician Network_Varicella Immunization Consent.txt,0,0,0,0,0,0,0,83,0,0,0,0,0,0,0,0,0,0,0,0,0,0,12,0,0,0,0,0,1044
703,0,0,0,3,0,3,1,0,0,Lenox Hill_Transfusion Consent.txt,1,0,0,0,0,0,0,20,0,0,0,1,0,0,0,0,0,0,0,0,0,0,0,0,0,0,2,0,313
704,0,0,0,12,1,5,3,0,0,Copy of Highland Hospital_Device Implant Consent.txt,0,0,0,0,0,0,0,58,0,0,0,0,0,0,0,0,0,5,0,0,0,0,0,0,0,4,6,0,1114
705,0,0,0,0,1,3,0,0,0,Texas_HHS_Addendum_to_HPV_Vaccine_Consent.txt,0,0,0,0,0,0,0,19,1,0,0,1,0,0,0,0,0,0,0,0,0,0,0,0,0,0,0,0,352
706,0,0,0,0,0,1,1,0,0,DECK DENTISTRY_Consent for Crown and Bridge Treatment.txt,0,0,0,0,0,0,0,6,0,0,0,0,0,0,0,0,0,0,0,0,0,0,0,0,0,0,2,0,127
707,1,0,0,3,0,8,3,3,0,UTSouthwestern_patient-consent-for-ngs-form.txt,0,0,0,0,0,0,0,62,0,0,0,0,0,0,0,0,0,4,0,0,0,0,3,5,2,7,14,0,1425
708,0,0,0,9,1,6,1,0,0,Health One_SWEDEN_Blood+Products+Consent.txt,0,0,0,0,0,0,0,26,0,0,0,0,0,0,0,0,0,0,0,0,0,0,0,0,0,0,6,0,304
709,0,0,0,36,3,11,5,0,0,Valley_Hosptial_Consent_for_OB_Deliveries-Rev_2-06.txt,5,0,0,0,0,0,0,157,0,0,0,0,0,0,0,0,0,6,0,0,0,0,2,3,0,1,7,0,2910
710,0,0,0,2,0,5,0,0,4,Reboot Center_Consent-Form.txt,4,1,0,0,0,1,0,176,0,0,0,0,0,0,0,0,0,15,0,0,5,0,0,0,0,3,24,0,23
711,1,0,0,17,1,9,0,0,0,Oklahoma_Abortion Parental Consent form.txt,5,0,0,0,0,0,0,171,1,0,0,1,0,0,0,0,0,5,1,0,0,0,7,0,0,7,14,0,2982
712,0,0,0,0,0,1,0,0,0,Mt-Carmel-East_consent-scheduling induction.txt,3,0,0,0,0,0,0,34,0,0,0,0,0,0,0,0,0,0,0,0,0,0,0,0,0,0,1,0,786
713,0,0,0,0,0,1,1,0,0,Cambridge_Consent_endoretreatment.txt,3,0,0,0,0,0,0,53,0,0,0,0,0,0,0,0,0,4,0,0,0,0,2,0,0,2,0,0,692
714,0,0,0,4,1,8,4,0,0,Stony Brook Medicine_CVC Note and Consent.txt,2,0,0,0,0,0,0,193,0,0,0,0,0,0,0,0,0,2,0,0,1,0,0,0,0,0,8,0,980
715,0,0,0,2,1,4,1,0,0,Capitol_Region_Education_Council_Flu_Vaccine_conse.txt,0,0,0,0,0,0,0,22,0,0,0,0,0,0,0,0,0,0,0,0,0,0,0,0,0,0,4,0,594
716,0,0,0,0,0,1,1,0,0,Durango_Papoose-Consent.txt,0,0,0,0,0,0,0,7,0,0,0,0,0,0,0,0,0,0,0,0,0,0,0,0,0,0,0,0,78
717,0,0,0,6,0,10,3,0,0,Fraser Health_Regional Consent for Health Care Form.txt,3,0,0,0,0,0,0,37,0,0,0,0,0,0,0,0,0,1,0,0,0,0,1,0,0,1,3,0,665
718,0,0,0,0,0,1,0,0,0,Comprehensive Diagnostic Imaging_MRI-Contrast-Consent-Form.txt,0,0,0,0,0,0,0,15,0,0,0,0,0,0,0,0,0,0,0,0,0,0,0,0,0,0,2,0,1
719,1,0,0,3,0,1,1,1,0,William_and_Mary_Informed_Consent_to_Receive_Vacci.txt,3,0,0,0,0,0,0,38,0,0,0,0,0,0,0,0,0,3,2,0,0,0,0,0,0,0,5,0,900
720,2,0,0,0,0,2,2,0,0,Premier Dental_Conscious Sedation Informed Consent Form.txt,0,0,0,0,0,0,0,58,0,0,0,0,0,0,0,0,0,4,0,0,0,0,1,0,0,0,9,0,641
721,0,0,0,3,0,1,1,0,0,OU_Induction consent-form.txt,0,0,0,0,0,0,0,26,0,0,0,0,0,0,0,0,0,3,1,0,0,0,0,0,0,0,9,0,584
722,0,0,0,3,0,0,0,0,0,Costco_Immunization consent form (2012).txt,0,0,0,0,0,0,0,736,0,0,0,0,0,0,0,0,0,0,0,0,0,0,1,0,0,0,1,0,889
723,0,0,0,0,1,1,0,0,0,NHS_United Kingdom_HPV Vaccine Consent Form.txt,0,0,0,0,0,0,0,11,0,0,0,0,0,0,0,0,0,0,0,0,0,0,1,0,0,0,0,0,257
724,0,0,0,7,1,5,2,0,0,The American College of Surgeons_Appendectomy-Note with Pre and Post Instru.txt,0,0,0,0,0,0,0,197,0,0,0,0,0,0,0,0,0,4,3,0,0,0,4,0,0,5,5,0,2184
725,4,0,0,1,1,3,2,1,0,CHMC_Per-Consent-Rev (1).txt,1,1,0,0,0,1,0,79,0,0,0,0,0,0,0,0,0,4,0,0,0,0,2,0,0,1,21,0,1564
726,0,0,0,0,0,0,0,0,0,New_York_City_Health_and_Hospitals_Corporation_DNR.txt,0,0,0,0,0,0,0,6,0,0,0,0,0,0,0,0,0,0,0,0,0,0,0,0,0,0,0,0,96
727,2,0,0,2,0,2,0,0,0,University of Pennsylvania Health System_paracentesis.txt,0,0,0,0,0,0,0,27,0,0,0,0,0,0,0,0,0,0,0,0,0,0,0,1,1,1,3,0,595
728,0,0,0,0,1,6,2,0,0,Integrated Genetics_Informed Consent for Genetic Testing.txt,0,0,0,0,0,0,0,29,0,0,0,0,0,0,0,0,0,2,0,0,0,0,0,1,1,0,6,0,669
729,0,0,0,0,0,0,0,0,0,National Network for Oral Health Access_Treatment-by-Extern-Dentist-English.txt,0,0,0,0,0,0,0,12,0,0,0,0,0,0,0,0,0,0,0,0,0,0,0,0,0,0,0,0,243
730,0,0,0,0,1,1,0,0,0,Gulf Coast MRI and Diagnostic_mri-contrast-consent-form.txt,0,0,0,0,0,0,0,19,0,0,0,0,0,0,0,0,0,0,0,0,0,0,1,0,0,1,0,0,309
731,0,0,0,3,0,0,0,0,0,ART & SCIENCE_Induction of labor.txt,0,0,0,0,0,0,0,47,0,0,0,0,0,0,0,0,0,1,0,0,2,0,1,0,0,0,4,0,704
732,0,0,0,33,1,3,0,0,0,UCLA_Blood-Consent.txt,0,0,0,0,0,0,0,26,0,0,0,0,0,0,0,0,0,0,0,0,0,0,0,0,0,0,2,0,628
733,0,0,0,1,1,9,5,0,0,3262-Informed Consent Central Venous Catheter Placement.txt,0,0,0,0,0,0,0,34,0,0,0,0,0,0,0,0,0,0,0,0,0,0,0,1,1,1,4,0,648
734,0,0,0,0,0,5,0,0,0,Toronto Public Health_School Vaccination Consent Form (1).txt,0,0,0,0,0,0,0,39,0,0,0,0,0,0,0,0,0,0,0,0,0,0,0,0,0,0,5,0,601
735,0,0,0,3,0,1,0,1,0,Avera_Informed-Consent-Pharmacogenetics.txt,0,0,0,0,0,0,0,22,0,0,0,0,0,0,0,0,0,0,0,0,0,0,0,1,0,0,5,0,415
736,3,0,0,4,2,5,0,4,0,Athena Diagnostics_NeuromeConsent.txt,1,0,0,0,0,0,0,137,0,0,0,1,0,0,1,0,0,1,0,0,0,0,1,9,3,2,5,1,2986
737,0,0,0,1,0,1,0,0,0,University of California San Francisco_Immunization Consent Form.txt,0,0,0,0,0,0,0,20,0,0,0,0,0,0,0,0,0,1,0,0,0,0,0,0,0,0,1,0,28
738,0,0,0,6,0,2,2,0,0,Walmart_Vaccine_Administration_Record_and_Informed.txt,1,0,0,0,0,0,0,48,0,0,0,0,0,0,0,0,0,0,0,0,0,0,0,0,0,0,3,0,1050
739,1,0,0,0,0,0,0,0,0,National Network for Oral Health Access_Dental-Treatment-English.txt,0,0,0,0,0,0,0,33,0,0,0,0,0,0,0,0,0,0,0,0,0,0,0,0,0,1,5,0,529
740,0,0,0,0,0,0,0,0,0,Stanford_immunization consent form.txt,0,0,0,0,0,0,0,66,0,0,0,0,0,0,0,0,0,1,0,0,0,0,1,0,0,0,1,0,1386
741,0,0,0,1,1,5,0,0,0,Childrens Dentistry of Baytown_Ped Informed Consent.txt,0,0,0,0,0,0,0,34,0,0,0,0,0,0,0,0,0,0,0,0,0,0,0,0,0,0,1,0,506
742,2,0,0,1,1,3,0,0,0,Icahn School of Medicine at Mount Sinai_Counsyl-Consent.txt,0,0,0,0,0,0,0,75,0,0,0,1,0,0,1,0,0,1,0,0,1,0,0,0,0,0,4,0,1427
743,1,0,0,0,0,4,4,0,0,Cambridge_Consent_cosmetic2.txt,1,0,0,0,0,0,0,39,0,0,0,0,0,0,0,0,0,5,0,0,0,0,0,0,0,1,5,0,885
744,4,2,0,2,2,3,0,0,0,New_York_City_Health_and_Hospitals_Corporation_Tho.txt,3,0,0,0,0,0,0,32,0,0,0,0,0,0,0,0,0,2,0,0,0,0,0,0,0,1,3,0,865
745,4,0,0,8,9,59,10,0,0,NHS_United Kingdom_Investigation or Treatment.txt,1,0,0,0,0,0,0,18913,0,0,0,0,0,0,0,0,0,5,0,0,0,0,25,0,0,8,15,0,2735
746,0,0,0,0,0,2,1,0,0,Henry_Ford_Induction.txt,0,0,0,0,0,0,0,45,0,0,0,0,0,0,0,0,0,1,0,0,0,0,1,0,0,0,2,0,343
747,0,0,0,0,1,4,0,0,0,Queensland_AUSTRALIA_ Immunization Consent Form HPV and TDaP.txt,0,0,0,0,0,0,0,16,0,0,0,0,0,0,0,0,0,0,0,0,0,0,0,0,0,0,5,0,488
748,0,0,0,2,0,1,1,0,0,MISH Hospital_MRI-Patient-Screening-Form.txt,1,0,0,0,0,0,0,47,0,0,0,0,0,0,0,0,0,0,0,0,0,0,0,0,0,0,2,0,1554
749,1,0,0,32,2,6,0,0,0,Oregon Health and Science University)Blood-Transfusion-Consent.txt,1,0,0,0,0,0,0,51,0,0,0,0,0,0,0,0,0,1,0,0,0,0,0,0,0,0,1,0,802
750,0,0,0,0,1,2,0,1,0,DHHS_TANSANIA_HPV Consent.txt,0,0,0,0,0,0,0,9,0,0,0,0,0,0,0,0,0,0,0,0,0,0,1,0,0,0,1,0,397
751,0,0,0,2,0,1,0,0,0,Excel Imaging_MRI Consent.txt,1,0,0,0,0,0,0,22,0,0,0,0,0,0,0,0,0,0,0,0,0,0,0,0,0,0,0,0,400
