,consent_mentions,filename,obligation_mentions,period_count,permission_mentions,research_consent,research_mentions,word_count
0,9,TAMU - HRPP Informed consent.txt,0,128,7,YES,32,2412
1,10,consent_biorepository_12-19-14.txt,0,204,5,YES,57,3678
2,0,Biomed_child_assent_UCSD.txt,0,21,0,YES,8,376
3,7,HMH - Biobanking-Genetic Research.txt,0,111,0,YES,31,1871
4,0,HRP-507 Assent Ages 13-17.txt,0,34,0,YES,6,398
5,1,Attestation_Form-6_14.txt,0,8,0,YES,0,185
6,20,Consent and Authorization Document for Minimal Risk Research Template2 (1).txt,0,152,0,YES,36,2891
7,19,Emory_BioMed_ICFHIPAA_Template.txt,0,367,3,YES,67,6554
8,7,ParentLAR.txt,0,28,0,YES,5,660
9,1,Eng-Short-Form.txt,0,21,0,YES,6,560
10,10,2007-5832_Biopsy_Consent_12-10-08.txt,0,149,1,YES,47,2910
11,0,ICS Short Form ENG.txt,0,8,0,YES,8,268
12,0,223 - short-form-consent.txt,0,18,0,YES,8,601
13,2,Blank_eIRB_ConsentFormTemplate_(Adults)9-11-2013.txt,0,5,0,YES,2,183
14,0,TAMU - Minor Assent Form.txt,0,11,0,YES,5,215
15,18,Consent-and-Authorization-Forms-Clinical-8-12-2014.txt,0,446,7,YES,70,7661
16,3,optional-procedure-language-for-data-specimen-banking.txt,0,35,4,YES,17,796
17,1,CF-Template_Biomed_PermissionParent.txt,0,168,3,YES,17,2466
18,4,Repository1.txt,0,40,0,YES,11,703
19,4,Adult_ICF_Non-CE.txt,0,128,1,YES,19,1930
20,3,icmodel.txt,0,62,0,YES,26,1384
21,46,hipaaconsentform.txt,0,595,7,YES,90,9998
22,17,MRI_TEM-C4 (1).txt,0,142,3,YES,24,2888
23,2,Vitalis_natropath consent to treat.txt,0,28,0,YES,0,739
24,3,SUSampCons-dc.txt,0,44,1,YES,14,1020
25,19,Parental-Permission-Form-6-12-2017 (1).txt,0,150,5,YES,67,3138
26,11,Cleveland Akron General - Informed Consent Template Document.txt,0,171,5,YES,53,3741
27,11,CONSENT- SHORT FORM.txt,0,34,0,YES,9,800
28,0,Assent-7-11.txt,0,16,0,YES,0,326
29,13,Informed consent for sample storage.txt,2,52,4,YES,19,991
30,5,Emergency Use Parental Permission and Authorization Document Template.txt,0,133,2,YES,5,2528
31,4,Parent_Guardian_Permission_Form_Non-CE.txt,0,130,1,YES,20,1989
32,4,cirb_adult_cf_template.txt,0,139,2,YES,14,2713
33,9,t502a_icf_consent_form_v2016-07_0.txt,0,69,1,YES,27,1410
34,0,HSBS_Template_ConsentClinical.txt,0,29,1,YES,21,788
35,8,Biomed_consent_UCSD_new.txt,0,104,0,YES,23,2302
36,15,OSU-WIRBConsentTemplate_09302014.txt,0,264,9,YES,25,3000
37,0,MinorAssentForm030708.txt,0,22,0,YES,3,384
38,0,TAMU - Waiver of PHI Authorization Form.txt,0,19,0,YES,9,587
39,0,Childrens National 7-11 Affidavit_English.txt,0,5,0,YES,0,85
40,1,Short_Form_Consent-English_from_website_rev10-21-2013.txt,0,14,0,YES,16,515
41,9,Madison VA Hospital_TemplateVAConsentFormrevisions2013-August.txt,0,60,2,YES,15,1343
42,20,HUD Consent and Authorization Document Template3.txt,2,151,0,YES,6,2866
43,0,Cleveland Clinic - General Informed Consent.txt,0,31,0,YES,0,399
44,13,PhysicalrisktemplateplusHIPAA_zeroinstructions5-31-17.txt,0,206,2,YES,57,4060
45,0,CF-Template_SocBehav_School_Assent1317YrOld.txt,0,92,3,YES,19,1483
46,19,CHOA_ICFHIPAA_Template.txt,0,369,3,YES,67,6704
47,5,blood-draw-consent.txt,0,71,0,YES,12,932
48,9,t503a_final_ua-bh_icf_hipaa_v2016-10.txt,0,162,1,YES,66,3239
49,27,ConsentandAuthorizationDocument-Template.txt,2,275,0,YES,53,4815
50,3,Northwestern-PGx-Physician-Consent-Revised-011113.txt,0,39,0,YES,15,1082
51,25,Med_survey_consent.txt,0,148,3,YES,40,3086
52,3,207 - sample-assent-form (1).txt,0,70,0,YES,9,807
53,10,institute-biorepository-consent-form (1).txt,0,118,3,YES,64,3388
54,4,Authorization1.txt,0,30,0,YES,11,540
55,11,Informed Consent Document_Biomedical Template.txt,0,450,14,YES,135,7263
56,12,emergency-use-consent-form-1407778027.txt,0,39,2,YES,5,955
57,8,DBRepositoryConsentForm_rev10-21-2013.txt,0,66,2,YES,25,1283
58,4,Viginia Department of Health_FluVac16.txt,1,61,1,YES,0,1361
59,12,Informed_Consent_Document_Template.txt,0,48,2,YES,18,1104
60,5,PrincetonU-Adult Consent Form.txt,0,36,1,YES,10,570
61,6,TAMU - Parental Permission Form.txt,0,91,5,YES,22,1862
62,7,CF-Sample_MediaRecordsReleaseForm.txt,0,28,0,YES,8,494
63,15,consent-form-no-hipaa-1400536163.txt,0,182,2,YES,39,3527
64,2,ic_adult.txt,0,29,0,YES,6,818
65,36,SUSampCons_somatic_cell_HIPAA_110410.txt,0,320,5,YES,84,6299
66,7,GU-Merck_treatment_consent_template_2013.txt,0,203,1,YES,32,3828
67,4,Parent_Guardian_Permission_Form_CE.txt,0,148,3,YES,41,2759
68,1,PMBB Informed Consent (1).txt,0,113,2,YES,28,1977
69,3,blood-draw-consent-template.txt,0,74,7,YES,50,1613
70,12,NANT_2009-03_Sample_Consent_Assent.txt,0,749,2,YES,56,17009
71,10,eMERGE-Consent-V7-12-17-2014-CLEAN-6.txt,0,133,9,YES,63,3218
72,0,English Short Form Template.txt,0,20,0,YES,7,489
73,11,eMERGE_GH_PGxConsentForm.txt,0,220,5,YES,51,4037
74,26,consent-hipaa-authorization-form-1407777962.txt,0,220,5,YES,48,4616
75,3,Assent-for-Participants-Aged-7-13.txt,0,35,0,YES,10,482
76,35,D58-Issues-to-Address_Informed-Consent-for-Tissue-Specimen.txt,0,441,10,YES,83,6491
77,17,ConsentandReleaseofInformationAuthorizationDocumentTemplate-PregnancyFollowUp.txt,0,129,1,YES,33,2462
78,31,HRP-502a - TEMPLATE CONSENT DOCUMENT.txt,0,256,10,YES,153,6706
79,11,informed-consent-embryo-gamete.txt,0,193,0,YES,68,3416
80,0,EnglishSAMPLE.txt,0,8,0,YES,8,291
81,1,William and Mary_Informed Consent to Receive Vaccines.txt,0,42,0,YES,0,942
82,4,verbal-consent-1407778162.txt,0,60,0,YES,11,1044
83,40,206 - sample-consent-form.txt,0,359,3,YES,90,6495
84,0,Virginia Institute of Marine Science_Parental Gaurdian Consent for Emergency Medical Treatment of a Minor.txt,0,5,1,YES,0,146
85,9,Marshfield-PGx-IRB-Approved-CF-10-11-2012.txt,0,163,0,YES,49,3224
86,2,ic_parent.txt,0,29,0,YES,6,822
87,13,Cranio_Consent_2.txt,1,216,4,YES,44,4633
88,0,HIPAA.txt,0,28,2,YES,15,678
89,11,InformedAssent.txt,0,192,0,YES,67,3775
90,3,Beskow_Simplified-consent-English.txt,0,100,0,YES,15,1352
91,11,combined-consent-form-and-compound-hipaa-biomedical.txt,1,147,10,YES,45,3140
92,0,AssentChild05.txt,0,5,0,YES,0,259
93,25,HRP-502b - TEMPLATE CONSENT DOCUMENT.INCAPACITATEDADULT.txt,0,360,19,YES,252,6895
94,4,CI_20OSAS_20consent_208.7.13_20clean.txt,0,261,2,YES,54,4628
95,2,VAAuthorizationDocumentTEmplate.txt,0,56,1,YES,19,1436
96,26,informed-consent-biomedical.txt,1,565,4,YES,144,9640
97,11,MCRC consent pts-8May15-STAMPED.txt,0,181,3,YES,43,3366
98,14,Informed Consent_Template_Biobank_08-24-2016_DRAFT.txt,0,203,4,YES,93,4182
99,2,Assent-Form-Template-March-20132.txt,0,39,1,YES,11,904
100,9,SUSampCons-bd.txt,0,62,0,YES,26,1575
101,9,InformedConsent-biospecimens.txt,0,28,0,YES,13,702
102,15,IC-RA_combined_2014-12-2.txt,0,117,7,YES,36,2527
103,3,PGx-consent-v6.txt,0,48,1,YES,10,983
104,25,Model-Consent-Minimal-Risk.txt,0,173,6,YES,48,2678
105,6,ConsentTemplate_BC_0930141.txt,0,71,0,YES,13,1234
106,2,expedited-consent-template.txt,0,94,5,YES,37,1702
107,10,t502b_-_consent_addendum_effective_2016-07.txt,0,29,0,YES,5,514
108,2,Mayo-Right-Consent-06072012.txt,0,170,8,YES,48,3218
109,0,HSBS_Template_ConsentExempt.txt,0,8,0,YES,4,156
110,16,informed-consent-somatic-cell.txt,0,187,0,YES,64,3624
111,4,Duke excess sample consent form.txt,0,127,0,YES,36,2602
112,3,Beskow_Simplified-consent-English (1).txt,0,100,0,YES,15,1352
113,45,Clinical-Research-Consent-Form.txt,0,466,6,YES,73,6699
114,7,VA Consent Cover Letter Document Template.txt,0,60,0,YES,11,969
115,6,HMH - Procedure Consent.txt,0,936,0,YES,0,8850
116,18,Parental Permission and Authorization Document for Minimal Risk Research Template2 (1).txt,0,162,2,YES,37,2983
117,12,Form E.txt,0,224,6,YES,84,5385
118,20,informed_consent_template.txt,0,260,9,YES,132,4903
119,2,assent.txt,0,21,0,YES,1,410
120,1,PrincetonU-Meningitis-B-Consent-Form.txt,0,52,1,YES,0,836
121,19,Parental-Permission-Form-6-12-2017.txt,0,150,5,YES,67,3138
122,1,assent-form.txt,0,33,0,YES,7,632
123,4,Parent_Guardian_Permission_Form_Non-CE (1).txt,0,130,1,YES,20,1989
124,10,ict_compassionate_emergency_use.txt,0,169,3,YES,7,2792
125,6,Consent-and-Authorization-Forms-Repository-Only-7-3-2014.txt,0,206,4,YES,56,3983
126,10,ConsentAddendumTemplate.txt,0,28,0,YES,5,555
127,15,Family Biorepository Consent Form_STAMPED_9.12.17.txt,0,202,18,YES,57,4631
128,8,Health-Sciences-Consent3.txt,0,104,0,YES,27,1811
129,1,Wellness Group_INFLUENZA CONSENT FORM INACTIVE.txt,0,40,0,YES,0,785
130,29,consent-mr.txt,0,306,4,YES,62,4651
131,20,Informed Consent - Biomedical Template_December 2016.txt,0,342,4,YES,131,6216
132,2,TTP_20Informed_20Consent_20Change_20PI_20to_20CSG-clean.txt,0,149,1,YES,41,2664
133,16,Form D.txt,0,357,5,YES,97,8314
134,0,CF-Sample_OnlineSurvey.txt,0,50,1,YES,14,722
135,15,Consent_Template_-_Long_Form_rev10-22-2013.txt,0,268,1,YES,47,5309
136,40,HRP-502-TEMPLATE-CONSENT-DOCUMENT-101116 (1).txt,0,267,8,YES,123,4276
137,3,BMT CTN 1502 Patient Informed Consent_v1.0.txt,0,505,1,YES,80,10097
138,5,Tissue-Banking-Worksheet.txt,0,58,0,YES,12,1171
139,6,GHUCCTS-consent-2012.11.29 (1).txt,0,215,0,YES,46,4332
140,0,Supplement-C_9-2016.txt,0,42,8,YES,10,633
141,2,CF-Sample_Interview_Audiotape.txt,0,54,2,YES,12,890
142,36,Consent-Minimal-Low-Risk-Studies.txt,0,236,4,YES,52,3647
143,28,informed-consent-schulman.txt,1,567,4,YES,140,9735
144,1,Study Information Sheet - Expedited Template (v09.04.2012).txt,0,72,0,YES,17,1406
145,10,institute-biorepository-consent-form.txt,0,118,3,YES,64,3388
146,18,2014-1709_HIPAA_Authorization_3A_UCI_provider_03-06-15.txt,0,282,13,YES,109,4900
147,39,Consent-and-Authorization-Knight-Cancer-Institute-FINAL-5-3-2013.txt,0,617,7,YES,59,11136
148,2,HMH Sedation Consent.txt,0,46,0,YES,0,667
149,0,researchassent.txt,0,22,0,YES,2,285
150,0,assent-template.txt,0,28,0,YES,3,461
151,2,Form6.txt,0,52,0,YES,14,1358
152,1,fmri-consent-template.txt,0,74,0,YES,13,1582
153,72,HSIRB-IC-Template-and-Instructions-3-6-17.txt,0,627,7,YES,98,9361
154,0,t504a_-_phi_authorization_form_v2016-01.txt,0,44,0,YES,9,814
155,16,Informed-Consent-Template-for-Genetic-Testing-9-23-16.txt,1,263,1,YES,76,5082
156,0,AssentTemplate_BC.txt,0,27,2,YES,4,418
157,0,assent-w.txt,0,28,0,YES,0,262
158,2,InfConsent.txt,0,51,0,YES,15,1398
159,2,Blank_eIRB_ConsentFormTemplate_(Minors)9-11-2013.txt,0,7,0,YES,2,231
160,3,Mayo_Clinic_PAD_consent_document.txt,0,110,2,YES,41,2335
161,19,Grady_ICFHIPAA_Template.txt,0,369,3,YES,67,6741
162,10,pregnant_woman_form (1).txt,0,34,0,YES,16,813
163,10,A_Interventional_consent.txt,0,295,5,YES,33,5381
164,11,Non-PhysicalInterventiontemplateplusHIPAA_zeroinstructions5-31-17.txt,0,149,2,YES,47,2858
165,15,HUD Parental Permission and Authorization Document Template3.txt,0,152,0,YES,6,2785
166,69,NCI_IC_Template (1).txt,0,821,1,YES,83,12352
167,4,Genetic-Screening.txt,0,47,0,YES,12,853
168,7,mayo clinic biobank consent.txt,0,188,5,YES,59,3787
169,24,InformedConsent-qualitativestudies.txt,0,189,0,YES,58,4137
170,11,CF-Template_Biomed (1).txt,0,234,2,YES,27,3801
171,0,CF-Template_SocBehav_School_PermissionParent.txt,0,97,5,YES,16,1451
172,2,ic_cell.txt,0,28,0,YES,9,820
173,3,Tissue Banking Consent Language 091513.txt,0,80,0,YES,17,1303
174,3,online-consent-1366310956.txt,0,53,0,YES,11,865
175,28,fc-consent-template (1).txt,0,262,7,YES,66,4614
176,40,HRP-502-TEMPLATE-CONSENT-DOCUMENT-101116.txt,0,267,8,YES,123,4276
177,3,Video_Consent_Form_March_20121.txt,0,18,0,YES,7,455
178,2,ic-note.txt,0,11,0,YES,0,118
179,42,parent_consent.txt,0,579,5,YES,88,10120
180,1,Assent-12-17.txt,0,90,0,YES,3,1493
181,9,TAMU - HRPP Informed consent (1).txt,0,128,7,YES,32,2412
182,34,RASCALConsentformbuilderSampleText4412.txt,0,286,5,YES,86,6432
183,2,ParentalPermissionTemplate_BC.txt,0,63,5,YES,13,1269
184,6,MDACC - Informed Consent for Research Participation.txt,0,186,2,YES,27,2456
185,28,HRP-502d - TEMPLATE CONSENT DOCUMENT-StandaloneAdult.txt,0,221,5,YES,131,5208
186,7,ShortForm10181(3).txt,0,8,0,YES,3,246
187,0,MinorAssentForm030708 (1).txt,0,22,0,YES,3,384
188,24,HRP-592-TEMPLATE-Biomedical-Consent-Form.txt,0,315,9,YES,148,5268
189,1,assent-1.txt,0,41,1,YES,2,669
190,3,207 - sample-assent-form.txt,0,70,0,YES,9,807
191,0,209 - hipaa-authorization-phi-research.txt,0,18,0,YES,16,482
192,6,specimen-consent.txt,0,134,0,YES,42,2330
193,3,informed-consent-template-language-for-gds.txt,0,52,1,YES,11,998
194,9,Marshfield-Consent-Form-10.28.13.txt,0,204,0,YES,37,2732
195,6,Consent-and-Authorization-Forms-Repository-Only-7-3-2014 (1).txt,0,206,4,YES,56,3983
196,8,Specimen Consent and RA comb - ICF-RA SPECIMEN BIOMED 09-26-13-1.txt,0,77,5,YES,33,1797
197,10,pregnant_woman_form.txt,0,34,0,YES,16,813
198,0,HRP-506 Assent Ages 7-12.txt,0,41,0,YES,6,418
199,0,AssentTx10205.txt,0,68,1,YES,11,1323
200,3,consent-form-without-hipaa-biomedical.txt,0,89,1,YES,25,1640
201,5,Biomed_adol_consent_UCSD_new.txt,0,94,4,YES,20,2014
202,1,assent-2.txt,0,45,1,YES,2,716
203,5,SUSampCons-ls.txt,0,49,1,YES,18,1085
204,5,PMBB Informed Consent (2).txt,0,131,6,YES,28,2305
205,29,biomedical-cancer-consent.txt,0,511,1,YES,65,8191
206,0,assent-3.txt,0,87,1,YES,3,1384
207,3,Assent-Template-12-17-years-of-age-03-12-2012.txt,0,103,8,YES,37,1853
208,3,future-contact-consent.txt,1,27,3,YES,9,574
209,2,Consent_UF_Biorepository.txt,0,107,4,YES,27,2236
210,13,impaired_decision_making_form.txt,0,24,3,YES,23,957
211,0,informed-consent-short-form-english.txt,0,17,0,YES,2,358
212,9,VU-eMERGEPGx-Consent-share.txt,0,132,1,YES,35,2568
213,11,Patient-Consent-wTrack-Changes.txt,0,144,2,YES,33,2779
214,4,Adult_ICF_CE.txt,0,146,3,YES,40,2700
215,9,Consent-and-Authorization-Forms-Shriners-8-12-2014.txt,0,357,3,YES,46,3731
216,24,HRP-502c - TEMPLATE CONSENT DOCUMENT.CHILD.txt,0,364,21,YES,146,6851
217,11,CF-Template_Biomed.txt,0,234,2,YES,27,3801
218,8,eMERGE_ApprovedConsent.txt,0,118,0,YES,47,2047
219,5,standard-language-options-for-consent-form.txt,0,527,7,YES,22,7674
220,0,Example Child Assent Form for Children up to Age 8.txt,0,21,0,YES,10,431
221,2,CWRU SBER IRB Short Form IC.txt,0,24,0,YES,5,458
222,3,TAMU - Waiver of Parental Permission or Assent.txt,0,63,2,YES,27,1030
223,2,Assent-Form1.txt,0,12,0,YES,6,184
224,0,CF-Template_Biomed_Assent712YrOld.txt,0,122,2,YES,11,1720
225,15,IC-RA_combined_2014-12-2 (1).txt,0,117,7,YES,36,2527
226,30,hpsc_cftemplate.txt,0,335,3,YES,57,6341
227,31,HRP-502a - TEMPLATE CONSENT DOCUMENT ADULT-QHC- dated 3 2013.txt,0,257,10,YES,153,6751
228,12,HRP-585 - TEMPLATE PARENTAL PERMISSION DOCUMENT.txt,0,117,3,YES,56,2100
229,6,consent_to_treat_child_9.txt,0,34,0,YES,0,581
230,2,Walmart_Vaccine Administration Record and Informed Consent.txt,0,49,0,YES,0,1133
231,7,EIRH-GM-Consent_Final-Draft.txt,0,74,0,YES,28,1315
232,45,Biomedical_Model_Consent.txt,0,514,10,YES,171,10195
233,69,NCI_IC_Template.txt,0,821,1,YES,83,12352
234,19,SJHA_ICFHIPAA_Template.txt,0,413,3,YES,67,6754
235,3,hud-consent.txt,0,32,0,YES,5,678
236,0,ConsentFormAddendum.txt,0,10,0,YES,4,180
237,40,icfguide.txt,0,294,0,YES,68,5679
238,4,Duke-excess-sample-consent-form.txt,0,127,0,YES,36,2602
239,21,Informed-Consent-v4-6Jun12-clean.txt,0,152,4,YES,40,3359
240,0,HBHS_Template_ConsentGeneral.txt,0,22,0,YES,16,625
241,7,CF-Template_SocBehav.txt,0,137,1,YES,22,2064
242,11,10170-Form-C-Med-and-HIPAA-Bank.txt,0,177,7,YES,54,3980
243,25,ICF Parental Consent-clinicalstudies.txt,0,244,0,YES,65,4848
244,43,VAConsentDocumentTemplate.txt,2,304,0,YES,41,5004
245,6,GI_20Biorepository_20ICF-HIPAA__11-25-2014.txt,0,189,4,YES,56,3674
246,13,HRP-502x - TEMPLATE CONSENT DOCUMENT.txt,0,101,10,YES,72,3133
247,16,Form D (1).txt,0,357,5,YES,97,8314
248,6,cirb_pediatric_cf_template.txt,0,133,3,YES,13,2578
249,33,SUSampCons.txt,0,303,3,YES,57,5977
250,17,NUgeneConsent_version_3.12.15_Expires_11.22.16.txt,0,100,4,YES,28,2351
251,20,ParentalPermissionandAuthorizationDocumentTemplate.txt,0,266,2,YES,52,4730
252,0,CF-Sample_SocBehav_School_Assent.txt,0,55,2,YES,8,731
253,28,fc-consent-template.txt,0,262,7,YES,66,4614
254,8,doc-20086428.txt,0,200,5,YES,59,3512
255,15,Form E-1.txt,0,214,4,YES,92,5431
256,31,HRP-502a - TEMPLATE CONSENT DOCUMENT ADULT-EHC- dated 3 2013.txt,0,359,10,YES,153,6751
257,0,G_Genetic_Consent.txt,0,43,2,YES,2,553
258,22,InformedConsent-clinicalstudies.txt,0,294,0,YES,85,4969
259,6,GU-MHRI-consent-2013.txt,0,216,0,YES,47,4341
260,1,MyCode-Consent-Version-28.txt,0,104,3,YES,50,2784
261,2,AssentDocumentTemplate (1).txt,0,91,2,YES,29,1430
262,2,Vanderbilt_consent_to_treat_form_public.txt,0,47,0,YES,5,1213
263,7,CRC_Template_Dec_2013.txt,0,217,1,YES,68,3734
264,39,wirb-consent-form-template.txt,1,233,14,YES,63,5466
265,4,consent-with-hippa- ophs- changes-110209.txt,0,229,0,YES,41,4953
266,21,informed-consent-wirb.txt,0,309,1,YES,62,5546
267,69,ConsentFormExample texas.txt,1,663,6,YES,130,8133
268,18,HRP-500 - TEMPLATE Consent Biomed_Clean_16DEC16 (1).txt,0,268,8,YES,137,5206
269,20,ICFparentalConsent-qualitative.txt,0,175,1,YES,43,3836
270,2,6.3.1.1_TCGA.Model.InformedConsent.Form.Prospective_Nov2011_508.txt,0,107,4,YES,27,2477
271,0,assent-form-template.txt,0,56,2,YES,17,1101
272,0,AssentNTx10204.txt,0,63,3,YES,12,1160
273,0,TAMU - Subjects PHI Authorization Form.txt,0,41,0,YES,9,738
274,8,SuS-ICS-IRB-Approved-Consent-Form.txt,1,162,4,YES,44,2873
275,34,SUSampCons_CA_privacy.txt,0,347,3,YES,72,6890
276,33,consent-gtmr.txt,0,454,5,YES,97,7052
277,37,IRB med template.txt,0,486,19,YES,89,9078
278,6,GU-consent-2013.txt,0,198,1,YES,43,4031
279,16,Consent-and-Authorization-Forms-Non-Clinical-7-3-2014.txt,0,275,7,YES,62,5080
280,6,SampCons_TEM02C07.txt,0,23,1,YES,6,556
281,22,BUMC-WIRB-ICF-Template (1).txt,0,185,13,YES,46,3775
282,2,HRP-583-TEMPLATE-Assent-Form.txt,0,70,1,YES,41,1349
283,1,CF-Template_Biomed_Assent1317YrOld.txt,0,153,2,YES,17,2245
284,4,SCAN Informed Consent - 3.10.2013.txt,0,160,1,YES,30,2881
285,0,Potomac Primary Care_flu-consent-form.txt,0,13,0,NO,0,401
286,0,OSU_Scheduled_Delivery_Consent.txt,0,23,0,NO,0,640
287,0,Cambridge_Consent_endodontics2.txt,0,24,0,NO,0,326
288,1,Northwest_Missouri_State_University_Vaccination_Co.txt,0,21,0,NO,0,321
289,4,UIowa_Patient-Treatment-Consent-Agreement.txt,0,25,0,NO,0,619
290,1,Durango_Extraction-Consent.txt,0,7,0,NO,0,323
291,2,DHHS_TANSANIA_HPV_Consent.txt,0,7,0,NO,0,532
292,0,National Network for Oral Health Access_Discussion-and-Refussal-of-Treamtent-English.txt,0,27,0,NO,0,527
293,1,Cambridge_Consent_oralsurgery1.txt,0,11,2,NO,0,298
294,1,University_of_California_San_Francisco_Immunizatio.txt,0,20,0,NO,0,444
295,1,Cambridge_Consent_bisconsentform06.txt,0,34,1,NO,0,526
296,9,The American College of Surgeons_Lap Choly-Comprehensive Form.txt,0,212,0,NO,0,3300
297,1,University of Nebraska_consent-hereditarycancer.txt,0,49,0,NO,1,743
298,2,Sunrise_Oral+Conscious+Sedation+Consent.txt,0,48,0,NO,0,994
299,6,Copy of SA Pathology_Genomic-Testing-Form-PUB-0490-v2.txt,0,39,0,NO,2,613
300,1,Alliance Medical_MRI Patient Safety Consent form.txt,0,24,0,NO,0,458
301,0,Immunize_LA_gardasil_hpv_consent_and_information.txt,0,82,0,NO,0,1410
302,2,Vitalis_natropath_consent_to_treat.txt,0,28,0,NO,0,733
303,7,Scott and White Healthcare_Arterial Line Consent.txt,0,82,0,NO,0,1234
304,0,Health Village Imaging_MRI Consent From.txt,0,73,0,NO,0,285
305,1,BROOKLYNPERIODONTICS_Consent for Consult.txt,0,12,0,NO,0,144
306,6,Dentistry for Children _ Adolescents_ParentLegalGuardianConsentForm20180220.txt,0,12,0,NO,0,288
307,3,The American College of Surgeons_CVC Catheter-Consent Only.txt,0,104,0,NO,0,1360
308,0,Ministry of Health Labor and Welfare_JAPAN_Consent for MRI.txt,0,11,0,NO,0,290
309,0,Schwieterman Pharmacies_consent-form-hpv-gardasil-9-2015_1.txt,0,12,0,NO,0,480
310,2,Cambridge_Consent_Crown_Lengthening_Surgery.txt,0,51,0,NO,0,1115
311,1,National Network for Oral Health Access__Endodontic-Consent-Form.txt,0,15,0,NO,0,354
312,4,Viginia_Department_of_Health_FluVac16.txt,1,60,1,NO,0,1377
313,3,New York City Health and Hospitals Corporation_ConsentForm-PedsArterialLine.txt,0,33,0,NO,0,899
314,10,THE VALLEY HOSPITAL_Surgical Consent Form.txt,0,97,0,NO,2,1197
315,2,EpicVascular_InformedConsent.txt,0,31,0,NO,0,507
316,1,Tischler_ConsentForExtraction.txt,0,29,0,NO,0,560
317,1,Cambridge_Consent_crownandbridge.txt,0,48,0,NO,0,777
318,5,Copy of Reboot Center_Consent-Form.txt,1,176,0,NO,7,3916
319,5,St. Josephs_General Consent Form - English (2).txt,0,76,0,NO,0,1704
320,0,Tischler_Periodontal_Tx_SCRP.txt,0,37,0,NO,0,747
321,5,National Network for Oral Health Access_Consent-for-Safety-Steps.txt,0,40,0,NO,0,902
322,10,JFK_Medical_Center_Consent-for-Open-Heart-Surgery.txt,0,35,0,NO,2,906
323,6,GenericConsent_ProcedureAndOptionalTissueResearch_All-diagrams_Redacted.txt,0,97,2,NO,12,1907
324,0,Immunize LA_gardasil hpv consent and information.txt,0,88,0,NO,0,1395
325,2,PeachTree_Consent For OS Using IV Sed-Gen Anesth.txt,0,39,0,NO,0,500
326,2,Cambridge_Consent_endodontics3.txt,0,10,0,NO,0,340
327,3,New York City Health and Hospitals Corporation_ThoracentesisConsentKCH.txt,0,32,0,NO,0,906
328,4,University_of_Washington_Induction-Of-Labor-Consen.txt,0,60,5,NO,0,1203
329,2,Trident_consent-to-perform-dentistry.txt,0,34,0,NO,0,585
330,0,Catawba Valley_Induction Consent.txt,0,18,0,NO,0,427
331,2,Cambridge_Consent_endodontics1.txt,0,21,0,NO,0,427
332,13,Halifax Health_surgicalconsent with blood.txt,0,202,0,NO,0,3752
333,7,National Jewish Health_Informed-Consent-for-Genetic-Testing.txt,0,55,0,NO,0,1216
334,5,University_of_Colorado_Health_Informed-Consent-for.txt,0,39,0,NO,0,848
335,0,Ministry of Health Labor and Welfare_JAPAN_Blood Transfusion.txt,0,15,0,NO,0,381
336,11,Copy of OrthopaedicSurgeryProcedureWithPhotoConsent_Redacted.txt,0,170,4,NO,14,3232
337,3,Health Images_MRI-Consent-Form.txt,0,33,0,NO,0,640
338,2,Cambridge_Consent_oralsurgery2.txt,0,8,0,NO,0,238
339,1,They_Physician_Network_Varicella_Immunization_Cons.txt,0,68,0,NO,0,1305
340,5,Highland Hospital_Device Implant Consent.txt,0,58,0,NO,0,1114
341,7,ScoliosisCorrection_Redacted.txt,0,142,2,NO,12,2699
342,5,GenericConsent_ProcedureOnly_All-diagrams_Redacted.txt,0,66,0,NO,1,1190
343,2,Rite Aid_Vaccine Screening and Consent Form.txt,0,26,0,NO,0,763
344,2,OxfordCounty_HPV_Vaccine_Consent_Form.txt,0,94,1,NO,2,1034
345,7,Sunrise_exam+consent.txt,0,19,0,NO,0,442
346,3,Illinois_Parental Consent Dental.txt,0,27,1,NO,0,542
347,0,Murray Hill_MRI Patient Questionnaire.txt,0,27,0,NO,0,1291
348,6,_RESTRICTION_Copy of Emory Genetics Laboratory_molecular-testing-consent-form.txt,0,48,0,NO,1,737
349,5,Standford Hospital and Clinics_consentfortransfusion-nonsurgical.txt,0,15,0,NO,0,618
350,6,NZBLOOD_NEW ZEALAND_Consent-for-Use-of-Blood-Products.txt,0,8,0,NO,0,283
351,1,Providence HC_Consent for Transfusion of Blood and or Blood Products.txt,0,21,0,NO,0,385
352,4,IUD(IntrauterineDevice)Insertion_Redacted.txt,0,70,0,NO,1,1153
353,6,HallifaxHealth_Consent.txt,0,47,0,NO,1,1005
354,1,NHS_United Kingdom_HPV Vaccine Consent Form (1).txt,0,11,0,NO,0,314
355,4,Kent Community Health_Childhood-flu-consent-form-2017-18.txt,0,18,0,NO,0,454
356,1,Copy of INOVA HEALTH SYSTEM_Surgery with Blood Consent.txt,0,25,0,NO,3,433
357,12,ViaCord_Genetic Testing Courtesty Consent.txt,0,58,0,NO,3,1058
358,1,Kings Daughters Medical Center Clinic_6th grade physicals vaccine consent.txt,0,19,1,NO,0,634
359,13,pediatric_CCGP_consent.txt,0,244,0,NO,5,5815
360,2,Cambridge_Consent_oralsurgery3.txt,0,9,0,NO,0,224
361,3,New York City Health and Hospitals Corporation_ConsentForm-CentralVenousCatheter.txt,0,32,0,NO,0,909
362,2,Seattle_Health_acupuncture_consent_form.txt,0,20,0,NO,0,399
363,59,Copy of NHS_United Kingdom_Investigation or Treatment.txt,0,18913,0,NO,0,3507
364,4,RCMelbourne_Procedural Consent Form_April 2016 Final.txt,0,22,0,NO,1,481
365,3,_RESTRICTION_Copy of Invitae_ Genetic Testing Patient-Consent.txt,0,103,0,NO,1,1076
366,0,Radnet_MRI-History-Consent.txt,0,575,0,NO,0,1450
367,3,States of Guernsey_HPV consent.txt,0,4,0,NO,0,195
368,1,TopPICC_consent+form2.txt,0,8,0,NO,0,221
369,1,Cambridge_Consent_endodontics4.txt,0,15,1,NO,0,561
370,3,Pediatric Dental of Idaho_consentform.txt,0,30,0,NO,1,721
371,1,Copy of University of Nebraska_consent-hereditarycancer.txt,0,49,0,NO,1,743
372,0,Cedars Sinai_MRI-Pregnancy-Consent.txt,0,10,0,NO,0,148
373,0,Stanford_immunization_consent_form.txt,0,62,0,NO,0,1204
374,0,Catawba_Valley_Induction_Consent.txt,0,16,0,NO,0,429
375,30,KINGS_COUNTY_HOSPITAL_CENTER_DNRConsentPolicyKCH.txt,0,177,0,NO,0,3772
376,2,Cambridge_Consent_oralsurgery7.txt,1,18,0,NO,0,391
377,4,National Network for Oral Health Access_Patient-Management-Techniques-English.txt,0,7,0,NO,0,293
378,1,Tischler_FixedProsthodontocsTx.txt,0,265,0,NO,0,4385
379,0,National Network for Oral Health Access_Child-Photo-or-Video-Release-Consent-Form-ENGLISHSPANISH.txt,0,6,3,NO,0,230
380,0,Cambridge_Consent_dentures1.txt,0,41,0,NO,0,1189
381,1,National Network for Oral Health Access_Consent-SDF-SFDPH-Eng.txt,0,29,0,NO,0,379
382,3,BROOKLYNPERIODONTICS_Consent for surgicalconsent.txt,0,13,0,NO,0,233
383,2,Beacon_Implant-Consent.txt,0,98,1,NO,0,2313
384,2,Cambridge_Consent_oralsurgery6.txt,0,16,1,NO,0,325
385,4,Queensland_AUSTRALIA_Immunization_Consent_Form_HPV_001.txt,0,16,0,NO,0,599
386,3,CHC_Admission Consent Form 01.16.17.txt,0,18,3,NO,0,577
387,6,HallifaxHealth_Consent (1).txt,0,47,0,NO,1,1005
388,2,Cambridge_Consent_endodontics5.txt,0,29,0,NO,0,399
389,1,Cambridge_Consent bonegraft.txt,0,34,0,NO,0,853
390,3,Molecular Imaging_MRI_Consent.txt,0,30,0,NO,0,579
391,9,The_American_College_of_Surgeons_Lap_Choly-Compreh.txt,0,208,0,NO,0,3207
392,0,National Network for Oral Health Access_Adult-Photo-or-Video-Release-Consent-Form-ENGLISHSPANISH.txt,0,6,3,NO,0,210
393,5,Copy of St. Josephs_General Consent Form - English.txt,0,76,0,NO,0,1704
394,0,Cambridge_Consent_endodontics7.txt,0,57,0,NO,0,535
395,0,_PHOTO RESEARCH_Copy of UMinnesota_cleft-and-craniofacial-clinics-consent-form.txt,0,4,2,NO,1,224
396,2,Cambridge_Consent_oralsurgery4.txt,0,96,0,NO,0,326
397,3,Cornman_PatientConsentForm.txt,0,10,0,NO,0,285
398,4,Copy of University of Alabama at Burmingham_ Genetic testing INFORMED-CONSENT-20180221.txt,0,60,0,NO,2,973
399,2,Regional Blood Service_GHANA_ Blood Consent-Form.txt,0,159,0,NO,0,259
400,1,Kansas_Immunization_Program_Vaccine_Documenation_C.txt,0,46,0,NO,0,854
401,1,Richland_General Dentistry Consent.txt,1,52,2,NO,0,1013
402,0,VAP-PICC-Consent-Form.txt,0,10,0,NO,0,322
403,5,Cambridge_Consent_photographs.txt,0,7,1,NO,0,212
404,1,Cambridge_Consent_dentures2.txt,0,35,0,NO,0,696
405,3,The_American_College_of_Surgeons_Chest_Tube-Pre_an.txt,0,171,0,NO,0,2304
406,1,Cambridge_Consent_biopsy.txt,0,26,0,NO,0,406
407,3,UPMC_consent-to-blood.txt,0,17,0,NO,0,517
408,3,Cambridge_Consent general3.txt,0,16,0,NO,0,279
409,4,University of Alabama at Burmingham_ Genetic testing INFORMED-CONSENT-20180221.txt,0,60,0,NO,2,973
410,4,_PHOTO RESEARCH_Copy of Triangle_Form-Request and Consent for Dental Treatment_ENGLISH.txt,0,51,1,NO,1,829
411,1,Artistic Dentistry_Restorative-informed-consent.txt,0,53,0,NO,0,731
412,1,Cambridge_Consent_endodontics6.txt,0,53,0,NO,0,907
413,0,Potomac_Primary_Care_flu-consent-form.txt,0,13,0,NO,0,392
414,6,Copy of YALE NEW HAVEN HEALTH_Consent for Operation or Special Procedure.txt,0,54,4,NO,1,1355
415,3,Invitae_ Genetic Testing Patient-Consent.txt,0,103,0,NO,1,1076
416,6,Huntington_blood-transfusion-english.txt,0,28,0,NO,0,844
417,2,PeachTree_Post Op- EXT Consent Forms.txt,0,10,1,NO,0,343
418,3,Copy of Pediatric Dental of Idaho_consentform.txt,0,30,0,NO,1,721
419,5,Lifespan_natropath consent to treat.txt,0,28,0,NO,0,936
420,5,Toronto_Public_Health_School_Vaccination_Consent_F.txt,0,35,0,NO,0,788
421,9,Niagra_Region_HPV_Vaccination_Consent_Form.txt,0,33,0,NO,0,672
422,1,Cambridge_Consent_ortho2.txt,0,54,0,NO,0,738
423,6,Western Health_Blood Product Consent and Prescription form.txt,0,569,0,NO,0,1511
424,0,South Forsyth Family Medicine and Pediatrics_vaccination consent form.txt,0,13,0,NO,0,302
425,1,Florida_Institute_of_Technology_Consent-Form-for-F.txt,0,18,0,NO,0,365
426,2,Benzie-Leelanau District Health Department_Immunization ConsentForm.txt,0,4,0,NO,0,337
427,4,Summit_consent-admit_treat (1).txt,0,26,1,NO,0,748
428,0,Keith_ImplantConsent.txt,0,17,0,NO,0,316
429,0,Trident_informed-consent-english.txt,0,111,1,NO,0,1912
430,7,MARIJUANA DOCTORS_medical-marijuana-consent-form (1).txt,0,120,0,NO,6,2294
431,10,Copy of THE VALLEY HOSPITAL_Surgical Consent Form.txt,0,97,0,NO,2,1197
432,2,Henry Ford_Induction.txt,0,45,0,NO,0,375
433,3,Nova Scotia Department of Health and Wellness_School Immunization Consent Form.txt,0,12,0,NO,0,541
434,0,Cambridge_Consent_extraction1.txt,0,3,0,NO,0,240
435,1,ART & SCIENCE_Labor Induction Consent Form.txt,0,89,0,NO,0,1682
436,3,BROOKLYNPERIODONTICS_Consent for Periodonta.txt,0,62,1,NO,0,1051
437,0,University of Washington_Induction-Of-Labor-Consent.txt,0,16,0,NO,0,310
438,0,Cambridge_Refusal of treatment.txt,1,13,0,NO,0,309
439,1,Fatemi Family Dentistry_Restorative consent.txt,0,43,0,NO,0,598
440,0,Royal Care Dental_TREATMENT-WITHOUT-PARENT-royal.txt,0,6,2,NO,0,153
441,0,UMinnesota_cleft-and-craniofacial-clinics-consent-form.txt,0,4,2,NO,1,224
442,5,Lifespan_natropath_consent_to_treat.txt,0,44,0,NO,0,994
443,2,DECK DENTISTRY_Consent for In Office Whitening Treatment.txt,0,44,0,NO,0,803
444,0,South_Forsyth_Family_Medicine_and_Pediatrics_vacci.txt,0,16,0,NO,0,286
445,4,Sunrise_Caregiver+consent+form.txt,0,28,0,NO,0,651
446,5,Copy of Mayo Clinic_Informed Consent for Genetic Testing.txt,0,45,0,NO,2,794
447,0,Cambridge_Consent_ortho1.txt,0,37,0,NO,0,573
448,3,NCSC_patient-consent-on-Admission.txt,0,52,0,NO,1,1352
449,3,Cincinnati Childrens_ DNA consent-forms-pdf.txt,0,34,0,NO,0,501
450,1,Florida Institute of Technology_Consent-Form-for-Flu-Vaccine-2017.txt,0,18,0,NO,0,381
451,10,THE VALLEY HOSPITAL_Surgical Consent Form (1).txt,0,97,0,NO,2,1197
452,10,THE_VALLEY_HOSPITAL_Surgical_Consent_Form_1_.txt,0,92,0,NO,2,1208
453,5,Absolute Balance_Acupuncture.txt,0,31,0,NO,0,697
454,6,YALE_NEW_HAVEN_HEALTH_Consent_for_Operation_or_Spe.txt,0,54,4,NO,1,1323
455,1,Griffin Imaging_mri-2017-1.txt,0,50,0,NO,1,1061
456,2,OxfordCounty_HPV Vaccine Consent Form.txt,0,101,1,NO,2,1207
457,0,Kaiser Permanente_consent-blood.txt,0,55,0,NO,0,865
458,2,DECK DENTISTRY_Consent for Gingival Grafting Surgery.txt,0,48,1,NO,0,963
459,2,Kathy_Nordgren_Acupuncture.txt,0,63,0,NO,0,848
460,2,Greenwich Central School District_HEPATITIS B VACCINATION Consent form.txt,0,19,0,NO,0,464
461,0,Keith_Extraction Consent.txt,0,17,0,NO,0,316
462,1,"Consent, Acknowledgement and Authorizations.txt",0,44,0,NO,0,870
463,6,GenericConsent_ProcedureAndBloodTissueImplants_All-diagrams_Redacted.txt,0,110,0,NO,1,1922
464,0,BROOKLYNPERIODONTICS_Consent for extraction.txt,0,17,0,NO,0,423
465,2,New_York_City_Health_and_Hospitals_Corporation_HIV.txt,0,18,0,NO,0,389
466,1,Wellness_Group_INFLUENZA_CONSENT_FORM_INACTIVE.txt,0,41,0,NO,0,800
467,0,Cambridge_Consent_gingivalaugmentation.txt,0,45,0,NO,0,967
468,4,General_MI-Consent-for-General-Dental-Procedures.txt,0,48,0,NO,0,991
469,0,National Network for Oral Health Access_Nitrous-Oxide-Consent-ENG.txt,0,29,0,NO,0,472
470,0,Indiana_Sample_Consent_Form_Induction.txt,0,29,0,NO,0,455
471,8,william-clements-university-hospital_-consent-for-admission-english.txt,0,76,0,NO,0,1529
472,2,Southern Regional Medical Center_ConsentOrRefusalForBlood.txt,0,37,0,NO,0,723
473,0,Indiana_Sample Consent Form Induction.txt,0,29,0,NO,0,473
474,1,Kings_Daughters_Medical_Center_Clinic_hpv_consent.txt,0,12,1,NO,0,496
475,8,Legacy Health System_Transfusion Fillable Informed Consent.txt,0,21,0,NO,0,529
476,3,AllianceforDentalCare_updatedextractconsentform.txt,0,30,0,NO,0,479
477,4,moleculargenetics-informed-consent.txt,0,34,0,NO,0,575
478,12,Pomona Valley_consent for induction (filled out).txt,0,478,0,NO,0,6311
479,0,Tischler_LanapConsentTx.txt,0,55,0,NO,0,936
480,1,Cambridge_Consent_scalingrootplaning20.txt,0,33,0,NO,0,420
481,0,Cambridge_Consent_photographs2.txt,0,5,0,NO,0,190
482,2,Cambridge_Consent_Implant.txt,1,37,0,NO,0,815
483,4,Tillamook Regional Medical Center_Consent for Blood Transfusion.txt,0,28,0,NO,0,628
484,0,ICS_Line Insertion.txt,0,17,0,NO,0,431
485,2,Consent for Voluntary Treatment.txt,0,5,0,NO,0,381
486,3,Copy of Icahn School of Medicine at Mount Sinai_Counsyl-Consent.txt,0,75,1,NO,3,1494
487,13,Halifax_Health_surgicalconsent_with_blood.txt,0,200,0,NO,0,3732
488,2,Greenwich_Central_School_District_HEPATITIS_B_VACC.txt,0,18,0,NO,0,461
489,1,Cambridge_Consent_tmjtherapy.txt,0,44,0,NO,0,721
490,1,Kroger_Universal Vaccination Consent 2015.txt,0,55,0,NO,0,902
491,3,Onconto_County_WI_Vaccine_Consent_Form.txt,0,10,0,NO,0,474
492,2,New York City Health and Hospitals Corporation_HIVTestingConsentKCH.txt,0,18,0,NO,0,400
493,0,Palm Beach OBGYN_Obstetric Consent.txt,0,62,0,NO,0,1057
494,3,Nova_Scotia_Department_of_Health_and_Wellness_Scho.txt,0,10,0,NO,0,571
495,2,Sunrise_Medical+Immobilization+(Papoose).txt,0,13,1,NO,0,273
496,2,Cambridge_Consent_general2.txt,0,19,0,NO,0,479
497,3,University Hospitals of Leicester_consent for blood tx.txt,0,572,0,NO,0,418
498,1,Cambridge_Consent_ivsedation2.txt,0,43,0,NO,0,461
499,0,ColonoscopyEsophagogastroduodenoscopy_Redacted.txt,0,105,0,NO,0,1142
500,3,New York City Health and Hospitals Corporation_ConsentForm-ArterialLine.txt,0,33,0,NO,0,897
501,0,MedCross_MRI-CONTRAST-CONSENT-FORM.txt,0,34,0,NO,0,463
502,4,Queensland_AUSTRALIA_Immunization_Consent_Form_HPV.txt,0,16,0,NO,0,599
503,4,Hastings and Prince Edward Counties_Imm82HPVconsent.txt,0,59,0,NO,0,993
504,0,Cambridge_Xray_Refusal_Waiver.txt,0,6,0,NO,0,179
505,1,DECK DENTISTRY_Consent for Endodontic Treatment (Root Canal).txt,0,12,0,NO,0,275
506,2,PeachTree_Anesth Serv Consent Form.txt,0,15,0,NO,0,509
507,3,NCSC_patient-consent-on-Admission (1).txt,0,52,0,NO,1,1352
508,1,UIowa_Consent-for-Complete-Dentures.txt,0,41,0,NO,0,906
509,1,Melbourne Radiology_mri-consentform-2016.txt,0,99,0,NO,0,1743
510,0,Virginia_Institute_of_Marine_Science_Parental_Gaur.txt,0,5,1,NO,0,140
511,7,Kaleida Health_Med and Surg treatment consent.txt,0,36,0,NO,1,1193
512,7,CHMC_Annual Medical Care Consent  Financial Responsibility Agreement.txt,1,95,0,NO,17,1997
513,13,adult_WES_consent.txt,0,274,0,NO,5,4729
514,2,UPenn_picc_consent.txt,0,33,0,NO,0,925
515,2,University_of_Pennsylvania_Health_System_paracente.txt,0,27,0,NO,0,696
516,3,BROOKLYNPERIODONTICS_Consent for ImplantConsent.txt,0,68,2,NO,0,1077
517,0,Cambridge_Consent_general1.txt,1,51,0,NO,0,879
518,1,OU_Induction_consent-form.txt,0,26,0,NO,0,614
519,4,Queensland_AUSTRALIA_ Immunization Consent Form HPV and TDaP (1).txt,0,16,0,NO,0,607
520,5,Highland_Hospital_Device_Implant_Consent.txt,0,39,0,NO,0,1087
521,16,CORHIM-0064 2 2016 with page numbers.txt,2,62,0,NO,0,1925
522,5,Absolute_Balance_Acupuncture.txt,0,31,0,NO,0,696
523,2,HSE_Ireland_Influenza_Vaccine_Consent_Form.txt,1,7,0,NO,0,188
524,0,Cambridge_Consent_ivsedation1.txt,0,15,0,NO,0,219
525,7,CHMC_Annual Medical Care Consent  Financial Responsibility Agreement (1).txt,1,95,0,NO,17,1997
526,1,Kroger_Universal_Vaccination_Consent_2015.txt,0,55,0,NO,0,888
527,1,Kings_Daughters_Medical_Center_Clinic_6th_grade_ph.txt,0,18,1,NO,0,625
528,1,Believe_Midwifery_PROM-Informed-Consent-Form.txt,0,165,0,NO,4,2720
529,1,Kansas Immunization Program_Vaccine Documenation Consent Form.txt,0,49,0,NO,0,813
530,0,Best Natural Smile_General-Dentistry-Consent-Form.txt,0,61,0,NO,0,1186
531,4,Halton_HPV Grade 7 Male.txt,0,33,0,NO,0,706
532,4,Matilda_International_Hospital_Consent_for_Surgica.txt,0,25,0,NO,0,559
533,1,Sunrise_Extraction+Consent.txt,0,27,1,NO,0,551
534,2,Sunrise_Consent+for+Dental+Treatment+Under+Anesthesia.txt,0,19,0,NO,0,373
535,10,THE_VALLEY_HOSPITAL_Surgical_Consent_Form.txt,0,92,0,NO,2,1208
536,1,HealthHub_Form_HPV_Vaccination_Consent.txt,0,2,0,NO,0,107
537,1,Cambridge_Consent_postsandretentionpins.txt,0,36,0,NO,0,797
538,6,Artistic Dentistry_Implant-informed-consent.txt,0,57,0,NO,0,790
539,1,INOVA HEALTH SYSTEM_Surgery with Blood Consent.txt,0,25,0,NO,3,433
540,1,Tufts Medical Center_genetic consent form v2.txt,0,24,0,NO,1,432
541,5,Queensland Health_Coronary Angio and stending Consent From.txt,0,14259,0,NO,0,2279
542,0,Cambridge_Consent_oralsurgery11.txt,0,29,0,NO,0,362
543,11,informed-consent-central-line-patient.txt,0,51,0,NO,1,1176
544,1,Cambridge_Consent_oralsurgery10.txt,0,6,0,NO,0,232
545,4,RequestAndConsentToDentalRestorationsAndOrExtractions_Redacted.txt,0,139,2,NO,12,2584
546,0,National Network for Oral Health Access_Restraint-Consent-ENG.txt,0,9,1,NO,0,250
547,5,Toronto Public Health_School Vaccination Consent Form.txt,0,39,0,NO,0,823
548,0,Maddison_ovulation_induction.txt,0,79,0,NO,0,1647
549,0,Cambridge_Consent_nitrousoxide.txt,0,26,1,NO,0,396
550,0,Methodist Health System_MRISCREEN.txt,0,11,0,NO,0,451
551,1,Mater misericonrdiae_ IRELAND_MRI-Saftey-Questionnaire.txt,0,7,0,NO,0,329
552,5,Copy of Athena Diagnostics_NeuromeConsent.txt,0,137,1,NO,4,3215
553,4,Matilda International Hospital_Consent for SurgicalProcedureBlood.txt,0,25,0,NO,0,564
554,0,National Network for Oral Health Access_Periodontal-Treatment-Refusal-Form.txt,0,3,0,NO,0,85
555,2,National Network for Oral Health Access_Oral-Surgery-Consent-ENG.txt,0,33,2,NO,0,412
556,11,Valley Hosptial_Consent for OB Deliveries-Rev. 2-06.txt,0,193,0,NO,0,3189
557,0,Cambridge_Consent_splinttreatment.txt,0,42,0,NO,0,932
558,2,c_084664.txt,0,5,0,NO,0,381
559,8,Copy of UTSouthwestern_patient-consent-for-ngs-form.txt,0,62,0,NO,6,1538
560,7,INOVA_HEALTH_SYSTEM_Surgery_with_Blood_Consent.txt,0,59,0,NO,3,1060
561,3,Texas HHS_Addendum to HPV Vaccine Consent (1).txt,0,29,1,NO,0,357
562,1,Cambridge_Consent_oralsurgery12.txt,0,15,1,NO,0,302
563,6,Hartford Hospital_Arterial-CVC-PA Catheter Consent.txt,0,44,0,NO,0,1169
564,2,Seattle Health_acupuncture consent form.txt,0,23,0,NO,0,402
565,4,Ambulatory_Consent_Form.txt,0,52,0,NO,0,1887
566,0,Cambridge_Consent_financialliabilityrelease.txt,1,7,0,NO,0,393
567,1,Evansville Pediatric_SurgeryConsent.txt,0,29,1,NO,0,281
568,1,Family_Medicine_Specialists_PC_flu_shot_consent_20.txt,0,308,0,NO,0,227
569,1,Cambridge_Consent_silveramalgam.txt,0,32,0,NO,0,583
570,0,Costco_Immunization_consent_form_2012_.txt,0,435,0,NO,0,992
571,7,Copy of Kaleida Health_Med and Surg treatment consent.txt,0,36,0,NO,1,1193
572,1,Evansville Pediatric_SedationConsent.txt,0,25,0,NO,0,369
573,0,National Network for Oral Health Access_Endodontic-Treament-English.txt,0,20,0,NO,0,375
574,2,Cambridge_Consent Implant.txt,1,37,0,NO,0,815
575,3,Texas HHS_Addendum to HPV Vaccine Consent.txt,0,29,1,NO,0,357
576,10,SparrowLansing_medicalconsent.txt,0,36,0,NO,0,1022
577,19,SOUTHAMPTON UNIVERSITY HOSPITALS NHS TRUST_JehovahsWitnessesBloodTransfusion.txt,0,700,0,NO,0,1238
578,3,New York City Health and Hospitals Corporation_Consent_CT_with_contrast.txt,0,33,0,NO,0,890
579,11,OrthopaedicSurgeryProcedureWithPhotoConsent_Redacted.txt,0,170,4,NO,14,3232
580,5,The_American_College_of_Surgeons_Appendectomy-Note.txt,0,195,0,NO,0,2419
581,0,DRI Radiology_History and Consent Form_MRI Exam_ENGLISH.txt,0,787,0,NO,0,1887
582,3,Tischler_ConsentForDentalTx.txt,0,23,0,NO,0,479
583,12,Iowa Institute of Human Genetics_Consent for Clinical DNA Sequencing FINAL Version.txt,0,191,5,NO,3,3304
584,2,CarePoint_health-and-consent-adults-2017.txt,0,33,0,NO,0,918
585,8,H0065Consents.txt,1,90,2,NO,0,2088
586,2,Cambridge_Consent_amalgamreplace.txt,0,79,0,NO,0,648
587,2,Cambridge_Consent_nitrous_oxide_2.txt,0,32,0,NO,0,491
588,5,University of Colorado Health_Informed-Consent-for-Operation-or-Procedure.txt,0,40,0,NO,0,882
589,6,Emory Genetics Laboratory_molecular-testing-consent-form.txt,0,48,0,NO,1,737
590,10,JFK Medical Center_Consent-for-Open-Heart-Surgery.txt,0,35,0,NO,2,912
591,4,Summit_consent-admit_treat.txt,0,26,1,NO,0,748
592,1,Family Medicine Specialists PC_flu shot consent 2017.txt,0,302,0,NO,0,209
593,5,Copy of Illumina_Patient Informed Consent.txt,0,115,0,NO,0,1526
594,1,Lexington Clinic_MRI PatientConsent.txt,0,17,0,NO,0,386
595,1,Cambridge_Consent maxillarysinuselevation.txt,0,48,0,NO,0,1043
596,1,CarePoint_health-and-consent-peds-2017.txt,0,37,0,NO,0,914
597,2,humanitarian-use-device-clinical-consent-1347568328.txt,0,24,0,NO,1,562
598,0,National Network for Oral Health Access_Extraction-of-Teeth-1-English.txt,0,16,0,NO,0,268
599,0,Midwife_Refusal_of_Induction_at_42_weeks.txt,0,32,0,NO,0,454
600,1,Cambridge_Consent_apicoectomiesandapicalsurgery.txt,0,39,0,NO,0,760
601,8,Hospice_Consent to treat.txt,1,90,2,NO,0,2088
602,1,Mt-Carmel-East_consent-scheduling_induction.txt,0,30,0,NO,0,933
603,12,Pomona_Valley_consent_for_induction_filled_out_.txt,0,463,0,NO,0,6209
604,7,MARIJUANA_DOCTORS_medical-marijuana-consent-form_1.txt,0,118,0,NO,6,2296
605,2,UIowa_Auth-Release-PHI.txt,0,12,1,NO,0,265
606,1,Artistic Dentistry_Root-canal-informed-consent.txt,0,38,0,NO,0,549
607,0,Cambridge_Consent_endodontics10.txt,0,47,0,NO,0,690
608,0,DECK DENTISTRY_New Patient Registration and Consent Form.txt,0,10,0,NO,0,281
609,1,NHS_United_Kingdom_HPV_Vaccine_Consent_Form.txt,0,11,0,NO,0,310
610,0,Sunrise_Crown+Choice+Consent.txt,0,12,0,NO,0,272
611,3,Onconto County WI_Vaccine Consent Form.txt,0,10,0,NO,0,501
612,1,Illinois Bone and Joint Institute_MRI-Consent-form.txt,0,22,0,NO,0,490
613,0,Cambridge_Consent_periodontaltherapy.txt,0,20,1,NO,0,354
614,5,NCH_Consent upon admission.txt,0,34,0,NO,1,608
615,3,PremiereScan_MRI Consent Form.txt,0,28,1,NO,0,478
616,0,National Network for Oral Health Access_ENDO-Consent-Form-ENG.txt,0,33,0,NO,0,492
617,1,Kings Daughters Medical Center Clinic_hpv consent.txt,0,12,1,NO,0,506
618,1,Cambridge_Consent_scalingrootplaning1.txt,0,43,0,NO,0,689
619,2,Artistic Dentistry_Whitening-informed-consent.txt,0,61,0,NO,0,1150
620,4,Hastings_and_Prince_Edward_Counties_Imm82HPVconsen.txt,0,62,0,NO,0,990
621,3,Artist Works_General Consent.txt,0,116,0,NO,0,2355
622,2,Penn Medicine_CVC Informed Consent Document.txt,0,27,0,NO,0,859
623,0,AllianceforDentalCare_updatedendoconsentform.txt,0,34,0,NO,0,440
624,0,Mid America Imaging_MRI Joint-Consent.txt,0,15,0,NO,0,685
625,4,Halton_HPV_Grade_7_Male.txt,0,31,0,NO,0,669
626,13,adult_CCGP_consent.txt,0,248,0,NO,5,5753
627,3,fvfiles_consent for blood.txt,0,69,0,NO,0,956
628,0,ZYSIK FAMILY DENTAL_GENERAL DENTISTRY CONSENT FORM.txt,0,53,0,NO,0,759
629,2,HSE Ireland_Influenza Vaccine Consent Form.txt,1,7,0,NO,0,188
630,14,AdmissionConsentForm (2).txt,8,157,0,NO,0,3865
631,0,Refusal_to_Consent_to_Vaccinate_Child_Adoles_Redacted.txt,0,14,0,NO,0,344
632,5,Mayo Clinic_Informed Consent for Genetic Testing.txt,0,45,0,NO,2,794
633,0,St Josephs_MRI IV Contrast Questionaire - English.txt,0,22,0,NO,0,682
634,1,Sunrise_Sealant+Consent.txt,0,24,0,NO,0,427
635,0,Cambridge_Consent_endodontics11.txt,0,30,0,NO,0,641
636,3,St. Michael_s_Informed consent for blood.txt,0,33,0,NO,0,583
637,1,Sunrise_Nitrous+Oxide+Consent.txt,0,22,0,NO,0,325
638,4,Artistic Dentistry_Extraction-informed-consent.txt,0,46,0,NO,0,579
639,0,DECK DENTISTRY_Consent for Orthodontic Treatment.txt,0,19,0,NO,0,286
640,2,Caristas_Obstetric-Consent-Form.txt,0,45,0,NO,0,973
641,0,Tischler_EndodonticTx_RC_.txt,0,32,0,NO,0,215
642,3,CHMC_Per-Consent-Rev.txt,1,79,0,NO,16,1690
643,10,Copy of JFK Medical Center_Consent-for-Open-Heart-Surgery.txt,0,35,0,NO,2,912
644,5,Copy of Animas Surgical_ASHConsent.txt,0,49,0,NO,0,637
645,6,PeachTree_IVSedationConsentForms.txt,0,157,1,NO,0,2467
646,4,Kent_Community_Health_Childhood-flu-consent-form-2.txt,0,19,0,NO,0,410
647,12,Copy of Iowa Institute of Human Genetics_Consent for Clinical DNA Sequencing FINAL Version.txt,0,191,5,NO,3,3304
648,0,Palm_Beach_OBGYN_Obstetric_Consent.txt,0,62,0,NO,0,1054
649,1,Cambridge_Consent_oralsurgery8.txt,0,15,0,NO,0,353
650,5,Queensland_medical_imaging_55.txt,0,13084,0,NO,1,2767
651,0,AllianceforDentalCare_updatedridgepresconsentform.txt,0,71,0,NO,0,835
652,4,Hartford_consentfordentaltreatment.txt,0,72,0,NO,0,1320
653,1,General_dental-photography-consent-form.txt,0,4,0,NO,0,128
654,0,Maddison_ovulation induction.txt,0,79,0,NO,0,1638
655,2,Kathy Nordgren_Acupuncture.txt,0,64,0,NO,0,876
656,4,Triangle_Form-Request and Consent for Dental Treatment_ENGLISH.txt,0,53,1,NO,1,834
657,2,SmileShapers_general_dentistry_informed_consent.txt,0,48,0,NO,0,1012
658,1,Copy of Avera_Informed-Consent-Pharmacogenetics.txt,0,22,0,NO,1,463
659,1,Cambridge_Consent_oralsurgery9.txt,0,14,1,NO,0,331
660,0,Schwieterman_Pharmacies_consent-form-hpv-gardasil-.txt,0,12,0,NO,0,484
661,1,Northwest Missouri State University_Vaccination ConsentFormMMR.txt,0,21,0,NO,0,335
662,9,Niagra Region_HPV Vaccination Consent Form.txt,0,32,0,NO,0,679
663,11,Michigan_Informed Consent for Genetic Testing.txt,0,202,1,NO,2,3519
664,3,States_of_Guernsey_HPV_consent.txt,0,5,0,NO,0,210
665,3,Lotus Root_Acupuncture.txt,0,27,0,NO,0,493
666,3,Benzie-Leelanau_District_Health_Department_Immuniz.txt,0,4,0,NO,0,326
667,2,Rite_Aid_Vaccine_Screening_and_Consent_Form.txt,0,27,0,NO,0,743
668,1,Cambridge_Consent_CT_scan.txt,0,23,0,NO,0,454
669,7,GenericConsent_Complete_All-diagrams__Redacted.txt,0,141,2,NO,12,2657
670,0,National Network for Oral Health Access_Refusal-of-Recommended-Treatment-English.txt,1,13,0,NO,0,298
671,3,Gene Dx_DNA Testing.txt,0,52,1,NO,0,913
672,0,DesertPearl Dentistry)Patient Info Sharing Consent.txt,0,1,3,NO,0,115
673,0,National Network for Oral Health Access_Denture-Treatment-Consent-Form.txt,0,7,0,NO,0,128
674,1,Sunrise_Whitening+consent.txt,0,15,0,NO,0,223
675,4,BrushyCreek_AcknowledgementDisclosureConsent.txt,0,28,1,NO,0,865
676,3,Lotus_Root_Acupuncture.txt,0,27,0,NO,0,506
677,4,Capitol Region Education Council_Flu Vaccine consent 2016.txt,0,21,0,NO,0,589
678,0,National Network for Oral Health Access_Extraction-of-Teeth-2-English.txt,0,36,0,NO,0,736
679,1,DECK DENTISTRY_Consent for Bone Graft Surgery.txt,0,51,0,NO,0,1009
680,1,HealthHub_Form HPV Vaccination Consent.txt,0,2,0,NO,0,104
681,7,UIowa_Consent-to-email-PHI.txt,0,24,0,NO,0,631
682,9,Oklahoma_Abortion_Parental_Consent_form.txt,0,168,1,NO,0,3285
683,1,National Network for Oral Health Access_Treatment-by-Student-English.txt,0,11,0,NO,0,207
684,3,New York City Health and Hospitals Corporation_IVContrastScanConsentKCH.txt,0,33,0,NO,0,890
685,5,Health Images_INFORMED CONSENT FOR MRI WITH OR WITHOUT CONTRAST.txt,0,68,0,NO,0,1974
686,0,Open MRI_MRI Contrast Consent Form.txt,0,6,0,NO,0,188
687,2,AllianceforDentalCare_updatedimplantconsentform.txt,0,70,2,NO,0,1174
688,8,OUMed_admission and outpatient.txt,5,149,0,NO,0,3686
689,1,Cambridge_Consent_occlusal_equilibration.txt,0,9,0,NO,0,415
690,8,BAYLOR MIRACA GENETICS LABORATORIES_genetictestingconsent0215.txt,0,59,1,NO,1,993
691,1,_Restrictions_Copy of Tufts Medical Center_genetic consent form v2.txt,0,24,0,NO,1,432
692,1,Cambridge_Consent_pulpotomy.txt,0,30,0,NO,0,663
693,1,Cambridge_Consent_compositefillings.txt,0,38,0,NO,0,771
694,1,Believe Midwifery_PROM-Informed-Consent-Form.txt,0,169,0,NO,4,2727
695,2,Cambridge_Consent_endodontics9.txt,0,12,0,NO,0,421
696,5,Equinox_natropath.txt,0,68,0,NO,0,1458
697,5,Illumina_Patient Informed Consent.txt,0,115,0,NO,0,1526
698,0,Sunrise_Space+Maintainer+Consent.txt,0,19,0,NO,0,367
699,0,ART_SCIENCE_Induction_of_labor.txt,0,44,0,NO,1,767
700,9,RL_Informed Consent for Treatment.txt,0,14,1,NO,0,438
701,0,National Network for Oral Health Access_Consent-for-Extraction-of-Teeth.txt,0,33,0,NO,0,349
702,1,They Physician Network_Varicella Immunization Consent.txt,0,83,0,NO,0,1302
703,3,Lenox Hill_Transfusion Consent.txt,0,20,1,NO,0,363
704,5,Copy of Highland Hospital_Device Implant Consent.txt,0,58,0,NO,0,1250
705,3,Texas_HHS_Addendum_to_HPV_Vaccine_Consent.txt,0,19,1,NO,0,372
706,1,DECK DENTISTRY_Consent for Crown and Bridge Treatment.txt,0,6,0,NO,0,153
707,8,UTSouthwestern_patient-consent-for-ngs-form.txt,0,62,0,NO,6,1538
708,6,Health One_SWEDEN_Blood+Products+Consent.txt,0,26,0,NO,0,348
709,11,Valley_Hosptial_Consent_for_OB_Deliveries-Rev_2-06.txt,0,157,0,NO,0,3169
710,5,Reboot Center_Consent-Form.txt,1,176,0,NO,7,3916
711,9,Oklahoma_Abortion Parental Consent form.txt,0,171,1,NO,0,3349
712,1,Mt-Carmel-East_consent-scheduling induction.txt,0,34,0,NO,0,937
713,1,Cambridge_Consent_endoretreatment.txt,0,53,0,NO,0,752
714,8,Stony Brook Medicine_CVC Note and Consent.txt,0,193,0,NO,0,1727
715,4,Capitol_Region_Education_Council_Flu_Vaccine_conse.txt,0,22,0,NO,0,605
716,1,Durango_Papoose-Consent.txt,0,7,0,NO,0,97
717,10,Fraser Health_Regional Consent for Health Care Form.txt,0,37,0,NO,0,762
718,1,Comprehensive Diagnostic Imaging_MRI-Contrast-Consent-Form.txt,0,15,0,NO,0,407
719,1,William_and_Mary_Informed_Consent_to_Receive_Vacci.txt,0,38,0,NO,0,940
720,2,Premier Dental_Conscious Sedation Informed Consent Form.txt,0,58,0,NO,0,705
721,1,OU_Induction consent-form.txt,0,26,0,NO,0,631
722,0,Costco_Immunization consent form (2012).txt,0,736,0,NO,0,1005
723,1,NHS_United Kingdom_HPV Vaccine Consent Form.txt,0,11,0,NO,0,314
724,5,The American College of Surgeons_Appendectomy-Note with Pre and Post Instru.txt,0,197,0,NO,0,2516
725,3,CHMC_Per-Consent-Rev (1).txt,1,79,0,NO,16,1690
726,0,New_York_City_Health_and_Hospitals_Corporation_DNR.txt,0,6,0,NO,0,93
727,2,University of Pennsylvania Health System_paracentesis.txt,0,27,0,NO,0,684
728,6,Integrated Genetics_Informed Consent for Genetic Testing.txt,0,29,0,NO,0,772
729,0,National Network for Oral Health Access_Treatment-by-Extern-Dentist-English.txt,0,12,0,NO,0,320
730,1,Gulf Coast MRI and Diagnostic_mri-contrast-consent-form.txt,0,19,0,NO,0,394
731,0,ART & SCIENCE_Induction of labor.txt,0,47,0,NO,1,788
732,3,UCLA_Blood-Consent.txt,0,26,0,NO,0,724
733,9,3262-Informed Consent Central Venous Catheter Placement.txt,0,34,0,NO,0,740
734,5,Toronto Public Health_School Vaccination Consent Form (1).txt,0,39,0,NO,0,823
735,1,Avera_Informed-Consent-Pharmacogenetics.txt,0,22,0,NO,1,463
736,5,Athena Diagnostics_NeuromeConsent.txt,0,137,1,NO,4,3215
737,1,University of California San Francisco_Immunization Consent Form.txt,0,20,0,NO,0,496
738,2,Walmart_Vaccine_Administration_Record_and_Informed.txt,0,48,0,NO,0,1068
739,0,National Network for Oral Health Access_Dental-Treatment-English.txt,0,33,0,NO,0,580
740,0,Stanford_immunization consent form.txt,0,66,0,NO,0,1212
741,5,Childrenâ€™s Dentistry of Baytown_Ped Informed Consent.txt,0,34,0,NO,0,559
742,3,Icahn School of Medicine at Mount Sinai_Counsyl-Consent.txt,0,75,1,NO,3,1494
743,4,Cambridge_Consent_cosmetic2.txt,0,39,0,NO,0,982
744,3,New_York_City_Health_and_Hospitals_Corporation_Tho.txt,0,32,0,NO,0,913
745,59,NHS_United Kingdom_Investigation or Treatment.txt,0,18913,0,NO,0,3507
746,2,Henry_Ford_Induction.txt,0,45,0,NO,0,373
747,4,Queensland_AUSTRALIA_ Immunization Consent Form HPV and TDaP.txt,0,16,0,NO,0,607
748,1,MISH Hospital_MRI-Patient-Screening-Form.txt,0,47,0,NO,1,930
749,6,Oregon Health and Science University)Blood-Transfusion-Consent.txt,0,51,0,NO,0,894
750,2,DHHS_TANSANIA_HPV Consent.txt,0,9,0,NO,0,543
751,1,Excel Imaging_MRI Consent.txt,0,22,0,NO,0,547
